TIME,PRINT,PRMNU,SALER,SALEC,CPI,INFLA,CLI,BCI
Jan-72,57.5372,58.0576,36.5793,59.1349,9.5401,8.1633,103.5878,100.7913
Feb-72,53.0203,53.9568,36.2913,55.8033,9.5881,8.1191,103.9124,100.4831
Mar-72,58.1825,58.0576,36.7521,59.4603,9.6181,7.5839,104.2354,100.3108
Apr-72,59.473,58.9209,37.2706,66.9667,9.7081,6.3075,104.5149,100.2195
May-72,60.656,59.8921,38.2499,71.9343,9.7561,6.1358,104.6611,100.2425
Jun-72,60.9787,59.8921,38.0195,68.9372,9.8221,6.092,104.6384,100.3811
Jul-72,60.2259,59.4604,38.4227,64.3866,9.8521,5.799,104.5073,100.5293
Aug-72,60.8711,60,38.1923,64.7166,9.9301,6.5679,104.3434,100.6529
Sep-72,61.839,60.8633,38.1923,61.4308,9.9841,7.0096,104.1939,100.6934
Oct-72,62.5919,61.8345,38.2499,68.5111,10.1222,7.8645,104.0923,100.4965
Nov-72,63.1296,62.3741,38.4803,68.6989,10.1582,7.6287,104.0023,100.2486
Dec-72,63.5598,63.1295,38.7683,69.8263,10.2122,7.6534,103.8877,99.9856
Jan-73,65.4956,64.8561,38.9411,66.4947,10.2782,7.7358,103.7253,99.7887
Feb-73,64.9579,64.4245,39.5748,69.4505,10.3442,7.8849,103.5501,99.7829
Mar-73,65.7107,65.1799,40.7269,70.9994,10.4042,8.1722,103.3758,99.9632
Apr-73,65.0654,64.3165,38.5379,66.261,10.6022,9.2089,103.1949,100.3075
May-73,65.173,64.5324,39.1716,63.965,10.6802,9.4711,102.9915,100.7023
Jun-73,66.2484,65.9353,39.6324,62.6498,10.7342,9.2853,102.7393,101.022
Jul-73,66.0333,65.5036,39.5172,64.9503,10.7822,9.4397,102.3847,101.2108
Aug-73,66.0333,65.6115,39.4596,70.9032,10.8122,8.8822,101.8882,101.332
Sep-73,65.7107,65.2878,39.402,59.9781,10.9082,9.2548,101.2391,101.3272
Oct-73,66.2484,65.9353,39.5748,59.9323,11.1242,9.8992,100.4919,101.054
Nov-73,65.4956,65.7194,39.6324,59.7902,11.2082,10.3367,99.6771,100.9253
Dec-73,64.9579,65.6115,39.5748,56.3211,11.2922,10.5758,98.857,101.1781
Jan-74,60.3334,61.0791,38.5955,40.6575,11.5082,11.9673,98.1454,101.5258
Feb-74,60.3334,62.2662,38.7683,48.4893,11.7038,13.1442,97.6368,101.6992
Mar-74,62.3768,63.6691,39.402,50.5057,11.8074,13.4872,97.2785,101.5226
Apr-74,65.6032,65.9353,38.5955,45.8635,12.2102,15.1668,97.0196,101.0573
May-74,66.356,66.4748,38.3075,47.6461,12.3828,15.942,96.829,100.5138
Jun-74,66.6786,66.6907,38.8835,53.1774,12.5094,16.5381,96.6468,100.0822
Jul-74,66.4635,66.0432,38.9987,49.5204,12.6245,17.0866,96.4259,99.7341
Aug-74,66.6786,66.3669,39.402,47.3162,12.636,16.8681,96.1996,99.337
Sep-74,65.4956,64.964,39.6324,53.3653,12.7741,17.1056,95.9992,98.7918
Oct-74,64.0975,63.2374,39.5748,48.4435,13.0273,17.1077,95.8266,98.2703
Nov-74,63.99,63.3453,40.0356,45.8176,13.2574,18.2835,95.7336,97.8615
Dec-74,62.9145,62.6978,38.9411,47.8798,13.4531,19.1361,95.7726,97.4575
Jan-75,63.5598,63.5612,39.3444,47.7057,13.7983,19.9,95.9721,96.9033
Feb-75,63.0221,62.9137,39.4596,46.1476,14.0285,19.8623,96.2985,96.1177
Mar-75,61.839,61.1871,38.9987,43.7646,14.3047,21.1501,96.696,95.1637
Apr-75,60.7636,60,42.8583,40.6942,14.8571,21.6777,97.119,94.2496
May-75,59.9032,58.9209,37.3858,42.7106,15.4785,25,97.539,93.5556
Jun-75,60.3334,59.5683,37.3858,46.7892,15.7777,26.127,97.9175,93.1958
Jul-75,59.5806,58.813,37.0978,49.5388,15.9388,26.2534,98.2335,93.2232
Aug-75,58.7202,57.9496,37.3282,40.9692,16.0309,26.867,98.5121,93.5155
Sep-75,59.9032,58.9209,37.4434,58.1542,16.169,26.5766,98.8008,93.7335
Oct-75,60.656,59.4604,37.501,41.2441,16.3991,25.8834,99.076,94.0817
Nov-75,60.7636,59.4604,37.0402,43.7188,16.5948,25.1736,99.3923,94.5564
Dec-75,60.4409,59.0288,37.501,45.8726,16.8019,24.8931,99.742,94.8876
Jan-76,60.7636,59.8921,39.114,48.2098,17.0206,23.3528,100.097,95.2089
Feb-76,61.5164,59.8921,37.6162,44.1312,17.2392,22.8876,100.4028,95.601
Mar-76,61.624,60.3237,37.4434,46.1018,17.3313,21.1585,100.6285,96.0278
Apr-76,62.2692,60.8633,38.3651,51.051,17.665,18.9001,100.7412,96.428
May-76,63.2371,61.9425,38.5955,50.9136,17.8607,15.3903,100.7092,96.8
Jun-76,62.0541,60.2158,37.8466,46.5142,17.9527,13.7856,100.5444,97.1176
Jul-76,62.1617,60.8633,38.2499,48.7139,17.9873,12.852,100.3059,97.3793
Aug-76,62.0541,60.5396,38.0195,47.9806,18.2405,13.7832,100.0306,97.5051
Sep-76,63.0221,61.1871,38.2499,42.8481,18.4821,14.306,99.7736,97.5359
Oct-76,64.4202,62.482,38.0195,50.4095,18.8159,14.7368,99.6088,97.4524
Nov-76,64.9579,62.6978,38.4227,60.1247,19.0805,14.9792,99.5521,97.3507
Dec-76,65.3881,62.5899,37.3858,54.6255,19.3337,15.0685,99.5804,97.3404
Jan-77,66.5711,63.8849,37.501,43.1688,19.8401,16.5652,99.6999,97.418
Feb-77,66.2484,63.2374,37.213,52.7008,20.0357,16.2216,99.9193,97.3511
Mar-77,66.356,63.2374,36.8674,45.4143,20.2314,16.7331,100.1928,100.7913
Apr-77,65.8182,62.1583,36.5793,47.3849,20.7492,17.4593,100.5141,100.4831
May-77,67.6465,63.777,36.9826,50.5928,20.9103,17.0747,100.8592,100.3108
Jun-77,64.8503,60.6475,36.9826,45.9643,21.129,17.6923,101.1999,100.2195
Jul-77,65.173,61.6187,37.789,62.5077,21.152,17.5944,101.5345,100.2425
Aug-77,65.8182,61.8345,37.7314,50.6844,21.2556,16.53,101.8065,100.3811
Sep-77,66.0333,61.8345,37.6738,51.6926,21.3707,15.6289,102.0166,100.5293
Oct-77,65.8182,61.8345,37.3858,55.0838,21.4627,14.0673,102.1425,100.6529
Nov-77,65.3881,61.295,37.6738,53.9381,21.5663,13.0277,102.1723,100.6934
Dec-77,66.5711,62.482,38.5955,52.7925,21.6814,12.1429,102.1427,100.4965
Jan-78,66.356,62.2662,38.3075,58.5666,21.808,9.9188,102.0849,100.2486
Feb-78,66.2484,61.7266,38.1923,57.3293,21.9346,9.4773,102.0099,99.9856
Mar-78,65.6032,61.4029,38.3651,60.4455,22.0727,9.1013,101.9469,99.7887
Apr-78,69.6899,64.8561,38.7107,58.1542,22.3949,7.9312,101.9096,99.7829
May-78,67.3239,62.2662,39.1716,53.4799,22.5215,7.705,101.9143,99.9632
Jun-78,67.3239,62.1583,39.0564,64.9366,22.6941,7.4074,101.9744,100.3075
Jul-78,68.3994,63.0216,40.3237,63.6992,22.7977,7.7802,102.0384,100.7023
Aug-78,69.0446,63.4532,40.0933,61.3621,22.9473,7.9589,102.0672,101.022
Sep-78,68.9371,63.4532,39.978,69.1985,23.0394,7.8083,102.0319,101.2108
Oct-78,67.539,61.6187,39.978,61.8203,23.1429,7.8284,101.9148,101.332
Nov-78,67.9692,61.8345,40.2085,57.146,23.304,8.0576,101.7817,101.3272
Dec-78,70.1201,63.5612,40.9573,59.254,23.4997,8.3864,101.7095,101.054
Jan-79,65.2805,57.3022,39.6324,60.9038,23.8449,9.3404,101.722,100.9253
Feb-79,70.1201,62.6978,39.69,58.3833,24.0406,9.6013,101.8123,101.1781
Mar-79,70.9805,64.1007,40.3237,63.5159,24.2362,9.8019,101.9343,101.5258
Apr-79,70.9805,63.4532,41.879,72.1314,24.6505,10.0719,101.969,101.6992
May-79,72.0559,64.1007,41.5334,78.2722,24.8461,10.3219,101.8098,101.5226
Jun-79,73.2389,65.1799,44.356,96.3737,25.2719,11.359,101.4486,101.0573
Jul-79,72.3786,63.777,39.978,55.817,26.3652,15.6487,101.0069,100.5138
Aug-79,69.7975,60.8633,40.4965,51.7384,26.5724,15.7974,100.6024,100.0822
Sep-79,69.5824,60.4317,40.7269,55.2213,26.8371,16.4835,100.287,99.7341
Oct-79,69.7975,61.4029,41.1877,64.9824,27.1133,17.1556,100.0331,99.337
Nov-79,70.7654,62.6978,42.1094,66.5863,27.3549,17.3827,99.7876,98.7918
Dec-79,71.1956,63.5612,41.4182,64.6616,27.5506,17.238,99.5419,98.2703
Jan-80,70.7654,62.2662,41.3606,62.8652,28.2295,18.388,99.2923,97.8615
Feb-80,69.1522,60.8633,41.591,64.7533,28.6323,19.1,99.0334,97.4575
Mar-80,68.722,59.8921,41.5334,72.5988,29.0236,19.7531,98.747,96.9033
Apr-80,66.7862,58.813,41.303,54.5705,30.0133,21.7554,98.4343,96.1177
May-80,66.8937,58.1655,40.6117,59.9552,30.2895,21.9083,98.1654,95.1637
Jun-80,66.8937,57.9496,41.5334,62.1411,30.5772,20.9927,97.9456,94.2496
Jul-80,65.4956,56.3309,41.0149,58.4383,30.8304,16.9358,97.7727,93.5556
Aug-80,64.4202,55.6835,40.8421,48.0815,30.8994,16.2841,97.6659,93.1958
Sep-80,63.3447,54.6043,41.1877,58.1909,31.0951,15.8662,97.6626,93.2232
Oct-80,63.0221,53.8489,41.2454,50.8219,31.2907,15.4075,97.7471,93.5155
Nov-80,63.0221,53.6331,41.0149,52.1142,31.5439,15.3134,97.9258,93.7335
Dec-80,62.6994,52.8777,40.7269,51.7064,31.7165,15.1211,98.1837,94.0817
Jan-81,62.4843,52.7698,41.9942,58.1404,31.9122,13.0453,98.5047,94.5564
Feb-81,63.0221,53.3094,41.6486,53.1178,32.1999,12.4598,98.8424,94.8876
Mar-81,63.1296,52.9856,41.5334,59.0203,32.6832,12.609,99.1608,95.2089
Apr-81,63.4522,53.4173,41.0725,62.2053,33.6269,12.0399,99.3973,95.601
May-81,62.4843,52.554,40.7269,60.7388,33.8455,11.7401,99.503,96.0278
Jun-81,63.8824,53.6331,41.5334,53.4524,34.0412,11.3286,99.4812,96.428
Jul-81,64.0975,53.8489,40.7269,59.8315,34.1908,10.8996,99.3857,96.8
Aug-81,64.2051,54.0648,41.303,46.8258,34.444,11.4711,99.2499,97.1176
Sep-81,64.3126,54.1727,41.1301,55.4046,34.6396,11.399,99.1286,97.3793
Oct-81,65.8182,54.7122,41.4758,60.111,34.9503,11.6955,99.031,97.5051
Nov-81,64.9579,54.3885,41.1877,60.5601,35.3186,11.9664,98.957,97.5359
Dec-81,63.99,53.0935,40.4965,55.5008,35.5372,12.0464,98.9015,97.4524
Jan-82,64.0975,53.3094,41.6486,47.142,35.7444,12.0087,98.8928,97.3507
Feb-82,64.4202,54.3885,41.591,56.0874,35.7559,11.0436,98.951,97.3404
Mar-82,64.6352,53.8489,41.879,65.4773,36.0666,10.3521,99.0337,97.418
Apr-82,65.3881,53.9568,41.3606,62.0816,36.7916,9.4114,99.0995,97.3511
May-82,65.9258,54.6043,41.6486,56.1928,37.0563,9.4866,99.1608,97.2277
Jun-82,65.173,53.2014,41.303,56.2753,37.1599,9.1616,99.2517,97.1084
Jul-82,65.173,53.2014,41.879,63.076,37.1714,8.7176,99.3922,96.9708
Aug-82,65.6032,53.3094,42.3975,63.5938,37.1829,7.9519,99.5665,96.8266
Sep-82,65.6032,53.5252,41.9366,56.5136,37.1599,7.2757,99.7644,96.8571
Oct-82,65.2805,53.2014,42.3975,70.6053,37.344,6.8489,99.9789,96.9245
Nov-82,64.0975,52.554,42.5127,64.7808,37.5281,6.2561,100.1555,96.8971
Dec-82,65.0654,52.8777,43.0887,64.2217,37.4591,5.408,100.3041,97.059
Jan-83,65.9258,54.3885,43.2615,71.0407,37.5051,4.9259,100.45,97.4961
Feb-83,66.8937,54.0648,43.2039,64.877,37.6662,5.3428,100.5932,98.1726
Mar-83,66.0333,53.5252,43.6072,68.094,37.7353,4.6267,100.7522,98.9027
Apr-83,66.7862,54.0648,43.78,68.3827,38.2647,4.0038,100.9169,99.4465
May-83,67.539,54.7122,43.8376,65.876,38.4258,3.6957,101.068,99.8309
Jun-83,66.5711,53.741,43.6648,68.7127,38.5178,3.6544,101.203,100.0253
Jul-83,67.6465,55.1439,44.0104,72.6996,38.725,4.1796,101.2978,100.0635
Aug-83,67.7541,54.7122,43.78,77.8506,38.8976,4.6116,101.3333,100.216
Sep-83,68.0767,54.7122,44.5289,61.023,39.0702,5.1409,101.3164,100.4203
Oct-83,68.722,55.6835,44.6441,72.2093,39.2083,4.9923,101.3055,100.658
Nov-83,68.6145,55.4676,44.8745,68.7814,39.3464,4.8451,101.2933,101.0543
Dec-83,68.9371,55.6835,44.9321,68.1169,39.45,5.3149,101.2827,101.3267
Jan-84,69.905,56.7626,44.5289,67.5533,39.427,5.1243,101.2676,101.3861
Feb-84,69.2597,56.223,45.1625,74.1569,39.5881,5.1024,101.2336,101.4083
Mar-84,68.3994,56.5468,44.4712,63.5205,39.7147,5.2455,101.1575,101.339
Apr-84,67.1088,56.6547,45.3929,72.5438,40.2441,5.1729,101.0437,101.1688
May-84,66.5711,56.3309,45.6234,70.7703,40.3937,5.1213,100.8785,101.1026
Jun-84,67.1088,56.223,45.4505,72.6355,40.4972,5.1389,100.6886,101.1027
Jul-84,66.1409,56.4389,45.681,65.1153,40.4512,4.4577,100.5132,101.0884
Aug-84,65.8182,56.9784,45.1625,50.2582,40.831,4.9704,100.3964,100.9836
Sep-84,67.0013,57.1942,46.3146,75.1193,40.9115,4.7128,100.3199,100.9398
Oct-84,67.0013,56.7626,46.4298,65.7798,41.1647,4.9897,100.2563,100.9632
Nov-84,66.6786,56.5468,46.0266,67.7366,41.2913,4.943,100.2155,100.9994
Dec-84,67.7541,57.4101,47.2939,65.1565,41.2568,4.5799,100.1815,101.0213
Jan-85,69.0446,57.9496,46.9483,64.3546,41.4064,5.0204,100.1456,100.9856
Feb-85,69.0446,58.4892,46.6026,73.6437,41.7242,5.3958,100.05,101.101
Mar-85,70.8729,59.4604,47.1211,69.0564,42.1328,6.0888,99.9549,101.3253
Apr-85,71.4106,58.0576,46.9483,70.7336,43.0409,6.9496,99.8641,101.5464
May-85,72.0559,58.3813,47.9852,67.4662,43.2225,7.003,99.7863,101.5679
Jun-85,73.6691,60.1079,47.6971,71.8885,43.3133,6.9536,99.7366,101.475
Jul-85,70.7654,57.6259,47.9852,68.0253,43.2225,6.8508,99.7168,101.2159
Aug-85,71.4106,58.5971,48.3884,74.9085,43.3587,6.1906,99.7303,101.0043
Sep-85,72.7012,58.5971,47.87,67.9795,43.3133,5.8705,99.755,100.9942
Oct-85,71.1956,57.3022,47.9276,71.6273,43.4041,5.44,99.7837,101.0632
Nov-85,72.0559,57.7338,48.5036,70.4999,43.5403,5.4466,99.8012,101.0236
Dec-85,70.1201,57.4101,48.5036,73.9828,43.5857,5.6449,99.8012,100.8263
Jan-86,71.088,58.705,48.9954,73.7811,43.6765,5.4825,99.7847,100.4865
Feb-86,71.5182,58.3813,48.772,70.0233,43.8581,5.1143,99.7817,100.4139
Mar-86,72.271,58.4892,49.4422,64.295,43.9035,4.2026,99.8078,100.2079
Apr-86,73.1314,58.4892,49.5911,75.8892,44.3575,3.0591,99.8574,99.929
May-86,71.9484,57.9496,49.74,68.8777,44.4029,2.7311,99.8959,99.7227
Jun-86,72.9163,58.5971,50.4847,73.9644,44.4029,2.5157,99.9296,99.5216
Jul-86,72.271,58.2734,50.0379,73.3687,44.2667,2.416,99.955,99.4856
Aug-86,72.271,58.2734,50.1868,75.0185,44.4029,2.4084,99.9829,99.666
Sep-86,74.0993,59.4604,51.0803,68.6944,44.6299,3.0398,100.0279,100.0367
Oct-86,74.4219,60.6475,50.857,72.4522,44.7207,3.0335,100.1219,100.4653
Nov-86,74.0993,60.5396,51.2293,73.4145,45.0839,3.5454,100.2813,100.8086
Dec-86,74.4219,60.7554,51.1548,73.2312,45.2201,3.75,100.5109,101.0254
Jan-87,73.0238,59.4604,51.0059,73.2312,45.4017,3.9501,100.8206,101.3012
Feb-87,75.3899,61.1871,51.3782,77.5848,45.5834,3.9337,101.0841,101.8061
Mar-87,75.0672,60.7554,51.3037,67.732,45.6742,4.0331,101.3569,102.1957
Apr-87,74.4219,60.9712,52.2717,71.1232,46.219,4.1965,101.6209,102.4662
May-87,75.82,60.6475,51.5271,76.4391,46.2644,4.1922,101.8377,102.7796
Jun-87,75.4974,61.5108,52.2717,79.4637,46.2644,4.1922,101.9609,102.984
Jul-87,76.8955,62.3741,52.793,77.9055,46.219,4.4103,101.966,103.1138
Aug-87,76.6804,62.482,53.0163,73.9186,46.3552,4.3967,101.87,103.3345
Sep-87,76.1427,62.5899,53.3886,84.9629,46.4914,4.1709,101.7022,103.4889
Oct-87,77.003,63.3453,53.612,78.043,46.7184,4.467,101.4826,103.7651
Nov-87,77.003,63.4532,53.9843,81.2051,46.9454,4.1289,101.2521,103.9532
Dec-87,77.5408,63.777,54.4311,82.3507,46.9,3.7149,101.0434,103.9248
Jan-88,78.2936,64.964,55.3275,83.0381,46.9,3.3,100.8807,103.8615
Feb-88,77.4332,64.5324,54.0905,82.7174,47,3.1078,100.7737,103.7825
Mar-88,78.6162,65.5036,54.3154,76.0266,47.2,3.3407,100.7264,103.645
Apr-88,77.971,64.8561,55.1026,78.1805,47.8,3.4207,100.7319,103.5204
May-88,78.8313,65.6115,54.9902,87.1167,48,3.7515,100.7561,103.5253
Jun-88,79.154,65.7194,55.6649,83.6797,48.2,4.1838,100.7543,103.4683
Jul-88,79.6917,66.5827,56.3396,85.6044,48.2,4.2862,100.7151,103.4997
Aug-88,80.5521,67.554,56.3396,91.1037,48.5,4.6269,100.6394,103.5739
Sep-88,81.1974,67.7698,56.0023,93.395,48.7,4.7506,100.5309,103.5682
Oct-88,80.337,67.6619,57.0143,78.5013,49,4.8837,100.4137,103.4605
Nov-88,81.0898,68.3094,57.2393,85.192,49.3,5.0156,100.3229,103.2763
Dec-88,80.5521,67.9856,57.3517,88.3082,49.3,5.1173,100.2652,103.0038
Jan-89,81.0898,69.2806,56.4521,90.6912,49.5,5.7,100.247,102.5092
Feb-89,81.3049,69.1727,56.9019,90.9662,49.7,5.8,100.255,102.0483
Mar-89,80.2294,68.5252,57.1268,82.809,50,5.9,100.2706,101.6311
Apr-89,82.2728,69.6043,57.2393,90.3704,50.5,5.6,100.2984,101.2683
May-89,80.2294,69.1727,57.914,92.8451,50.9,5.9,100.3064,101.0781
Jun-89,80.2294,68.3094,57.1268,90.9662,51,5.8,100.2726,101.0088
Jul-89,80.337,68.6331,56.7894,88.4915,51,5.7,100.2047,100.9948
Aug-89,81.9502,69.2806,57.3517,93.12,51.1,5.5,100.103,100.7986
Sep-89,81.6275,69.2806,57.5766,82.6715,51.5,5.7,99.9684,100.4907
Oct-89,81.0898,68.8489,57.6891,84.1838,51.9,5.8,99.828,100.2623
Nov-89,81.8426,69.2806,57.6891,83.4048,52.1,5.7,99.7176,100.0393
Dec-89,81.7351,69.2806,58.1389,85.5586,52.2,5.8,99.6394,99.8941
Jan-90,80.8747,69.0648,57.8015,84.6879,52.4,5.9,99.5771,99.6844
Feb-90,80.337,68.8489,58.5887,78.7304,52.9,6.3,99.5313,99.4368
Mar-90,81.52,69.8201,58.7012,80.2427,53.1,6.2,99.5264,99.268
Apr-90,81.9502,69.7122,57.914,77.7222,54.4,7.7,99.5698,99.3186
May-90,81.52,69.8201,59.2634,83.2673,55,8.2,99.6206,99.2961
Jun-90,82.8105,69.6043,57.914,76.989,55.2,8.2,99.6382,99.154
Jul-90,80.7672,68.9568,58.9261,75.6142,55.2,8.2,99.6056,98.8159
Aug-90,80.8747,69.2806,58.0264,77.2181,55.7,8.9,99.5246,98.4046
Sep-90,80.4445,68.5252,57.914,76.4391,56.2,9.2,99.4057,97.9339
Oct-90,80.337,68.4173,57.6891,72.8188,56.7,9.2,99.2676,97.4417
Nov-90,79.9068,67.9856,57.2393,69.2443,56.9,9.2,99.1306,96.9254
Dec-90,79.4766,67.554,57.914,65.9448,57,9.2,99.0407,96.3875
Jan-91,79.2615,67.6619,57.1268,67.0446,57,8.6,99.0353,95.8756
Feb-91,79.2615,66.259,56.7894,59.8498,57.2,8.2,99.1316,95.4126
Mar-91,78.4012,66.0432,58.7012,68.4652,57.5,8.3,99.3114,95.4271
Apr-91,77.4332,65.3957,57.2393,58.2459,58.7,8,99.5109,95.6367
May-91,78.2936,65.9353,57.0143,57.8334,59.2,7.5,99.7051,95.6806
Jun-91,78.6162,64.964,56.7894,54.8547,59.5,7.7,99.8904,95.9013
Jul-91,77.8634,65.072,57.8015,59.3915,59.3,7.5,100.0655,96.2594
Aug-91,77.1106,64.5324,56.9019,67.5029,59.9,7.5,100.22,96.7274
Sep-91,77.2181,64.6403,56.9019,64.1117,60.1,6.9,100.3196,97.2364
Oct-91,78.1861,65.072,56.5645,57.9709,60.4,6.5,100.349,97.5114
Nov-91,78.4012,65.2878,56.5645,59.254,60.5,6.5,100.3271,97.5591
Dec-91,78.0785,65.1799,56.7894,58.7958,60.7,6.5,100.2861,97.3236
Jan-92,77.971,65.072,57.1268,59.2999,60.5,6.2,100.2661,97.0619
Feb-92,78.5087,65.5036,57.1268,55.9545,60.8,6.3,100.2814,97.078
Mar-92,78.1861,65.6115,56.3396,56.7794,61.1,6.2,100.3125,97.4213
Apr-92,78.7238,65.7194,57.0143,66.0822,61.8,5.2,100.3159,97.9336
May-92,77.1106,64.5324,57.5766,59.5748,62.2,5.1,100.2283,98.3445
Jun-92,77.971,65.9353,57.0143,59.804,62.2,4.6,100.039,98.1677
Jul-92,78.5087,65.9353,56.3396,58.6583,62,4.5,99.7963,97.5744
Aug-92,78.4012,65.3957,57.4642,60.1247,62.1,3.7,99.5785,96.9657
Sep-92,78.9389,65.5036,57.2393,59.8498,62.3,3.7,99.4426,96.76
Oct-92,79.7993,65.8273,57.3517,61.5454,62.5,3.5,99.4109,96.8743
Nov-92,78.7238,65.1799,57.4642,61.0871,62.5,3.3,99.4664,96.9761
Dec-92,78.6162,65.1799,57.1268,74.0561,62.6,3.2,99.58,97.3094
Jan-93,78.7238,65.9353,58.1389,62.4161,62.4,3,99.7101,97.8014
Feb-93,79.9068,66.7986,58.1389,64.9366,62.7,3.1,99.8496,98.3907
Mar-93,79.2615,66.5827,58.1389,64.1575,63,3.2,99.991,98.9702
Apr-93,79.3691,66.4748,58.1389,65.9448,63.4,2.6,100.1288,99.4455
May-93,80.0143,66.5827,57.914,67.1821,63.6,2.3,100.2537,99.6508
Jun-93,79.5842,65.6115,58.5887,65.8073,63.6,2.2,100.3569,99.6009
Jul-93,80.2294,66.3669,57.914,67.3654,63.4,2.3,100.457,99.5633
Aug-93,80.4445,66.0432,58.7012,70.7107,63.7,2.6,100.5528,99.8183
Sep-93,80.7672,66.4748,58.8136,69.0151,64,2.7,100.6176,99.9951
Oct-93,80.8747,66.0432,58.9261,72.5896,64,2.4,100.6439,99.9613
Nov-93,81.6275,66.5827,59.0385,74.1019,63.8,2.1,100.6332,100.0625
Dec-93,81.8426,67.2302,59.3759,69.84,64,2.3,100.5933,100.1993
Jan-94,82.2728,67.7698,60.0506,76.5766,64,2.6,100.5297,100.4151
Feb-94,82.5954,67.7698,59.0385,74.1019,64.2,2.4,100.4273,100.5745
Mar-94,82.9181,68.3094,59.7132,73.5062,64.4,2.2,100.3038,100.5765
Apr-94,83.9936,68.8489,59.4883,70.2983,64.9,2.4,100.1952,100.6344
May-94,85.069,69.7122,60.1631,73.6437,65.1,2.4,100.1219,100.9272
Jun-94,84.1011,69.0648,60.0506,75.935,65.1,2.3,100.0769,101.212
Jul-94,84.5313,69.7122,59.9382,69.9317,64.7,2.1,100.0436,101.4434
Aug-94,84.8539,69.8201,60.5004,72.5896,65.1,2.2,100.0145,101.8297
Sep-94,85.7143,70.2518,60.8378,73.277,65.2,1.9,99.9685,102.0027
Oct-94,85.8218,70.6835,60.7253,70.7566,65.1,1.8,99.9035,102.1448
Nov-94,85.7143,71.0072,60.5004,72.6813,65.2,2.1,99.8282,102.3325
Dec-94,86.6822,71.4389,60.6129,70.3441,65.5,2.2,99.753,102.5014
Jan-95,84.9615,69.8201,59.3759,72.2688,65.5,2.4,99.7062,102.5778
Feb-95,85.069,70.2518,60.388,74.4227,65.7,2.3,99.6891,102.6529
Mar-95,85.2841,69.7122,60.388,73.552,66,2.4,99.6945,102.5369
Apr-95,86.1445,70.4676,60.0506,70.0233,66.4,2.3,99.7231,102.3381
May-95,86.0369,70.5755,60.1631,74.2852,66.7,2.6,99.7702,102.1838
Jun-95,85.4992,70.6835,60.1631,74.881,66.8,2.7,99.8261,101.8244
Jul-95,86.1445,70.7914,60.7253,72.7271,66.6,2.8,99.8698,101.4906
Aug-95,86.252,70.8993,60.1631,74.5144,66.9,2.7,99.8968,101.3194
Sep-95,86.5747,70.7914,60.5004,73.0479,67.2,3,99.9053,101.0842
Oct-95,86.252,71.1151,60.7253,76.6682,67.1,3,99.8983,100.7696
Nov-95,86.6822,71.0072,61.0627,76.1183,67.1,2.9,99.8837,100.4279
Dec-95,87.0048,70.7914,61.0627,75.66,67.5,3.1,99.8752,100.1834
Jan-96,86.6822,71.1151,60.1631,73.3229,67.4,2.9,99.8764,100.2055
Feb-96,87.3275,71.1151,61.7374,77.7681,67.7,3,99.8931,100.1855
Mar-96,87.435,71.223,61.5125,75.0643,67.9,3,99.9127,100.0504
Apr-96,86.4671,70.5755,62.2997,80.1511,68.3,2.8,99.9248,99.848
May-96,86.8973,70.4676,62.2997,77.3556,68.6,2.8,99.9163,99.7546
Jun-96,86.5747,70.7914,62.5246,77.3556,68.7,2.8,99.903,99.9469
Jul-96,86.4671,70.4676,62.2997,77.9514,68.3,2.7,99.8995,100.29
Aug-96,87.1124,71.1151,62.5246,76.714,68.7,2.7,99.9132,100.6864
Sep-96,87.6501,71.4389,63.4242,73.7811,69,2.7,99.9386,101.0248
Oct-96,87.435,71.6547,63.3118,81.7092,69.1,3,99.9694,101.2416
Nov-96,87.8652,71.7626,63.5367,76.8057,69.2,3.1,99.9967,101.2382
Dec-96,88.2954,71.9784,63.3118,76.989,69.4,2.8,100.0309,100.9402
Jan-97,88.1879,72.0863,63.3118,79.5095,69.2,2.6,100.0832,100.779
Feb-97,88.4029,72.6259,63.9865,78.2722,69.3,2.4,100.1552,100.7985
Mar-97,87.7577,72.1942,64.4363,77.3556,69.4,2.2,100.2343,100.9116
Apr-97,88.1879,72.0863,64.8861,84.6879,69.7,2.1,100.3141,100.8566
May-97,88.1879,71.8705,64.5488,80.7926,70,2.1,100.3839,100.7012
Jun-97,88.5105,71.9784,65.2235,82.2133,70.1,2.1,100.4396,100.6707
Jul-97,89.6935,72.8417,65.5609,79.372,70,2.4,100.4861,100.8479
Aug-97,88.9407,71.6547,64.9986,84.2755,70.3,2.3,100.5333,100.9985
Sep-97,90.0161,72.518,64.9986,85.6961,70.5,2.2,100.5693,101.2106
Oct-97,91.0916,73.0576,65.8982,84.138,70.6,2.2,100.5826,101.4118
Nov-97,91.7369,73.5971,65.5609,85.8336,70.6,2.1,100.5731,101.3581
Dec-97,92.1671,73.3813,66.0107,86.3835,70.7,1.9,100.5568,101.192
Jan-98,93.135,73.705,66.2356,86.8876,70.4,1.8,100.5379,100.9161
Feb-98,93.8878,74.1367,66.2356,86.4751,70.6,1.8,100.517,100.6869
Mar-98,94.4255,74.8921,66.3481,89.3164,70.8,1.9,100.4731,100.3357
Apr-98,94.1029,74.7842,66.4605,83.0381,71.2,2.1,100.3811,99.8417
May-98,92.7048,74.5683,67.1352,84.0922,71.5,2.2,100.2292,99.2477
Jun-98,91.952,74.5683,66.0107,89.4539,71.4,1.9,100.0199,98.7127
Jul-98,91.4142,74.8921,66.573,86.1085,71.2,1.7,99.7827,98.2289
Aug-98,91.6293,75.4317,66.7979,83.2214,71.4,1.6,99.5702,97.6283
Sep-98,90.769,75,66.573,88.0791,71.7,1.7,99.4331,97.0876
Oct-98,90.8765,75.3237,66.2356,83.6797,71.7,1.6,99.396,96.6041
Nov-98,90.9841,75.3237,66.573,86.0627,71.8,1.7,99.479,96.526
Dec-98,91.4142,75.8633,66.3481,90.1871,72,1.9,99.6617,96.8453
Jan-99,92.1671,76.6187,67.1352,85.1382,71.8,2,99.9214,97.0657
Feb-99,92.1671,75.7554,66.9103,58.3895,71.9,1.9,100.2358,97.3303
Mar-99,93.9953,76.9424,67.2477,106.1868,72.3,2.1,100.5548,97.8127
Apr-99,95.2859,76.8345,67.3601,95.8314,72.6,2,100.8274,98.5414
May-99,97.2217,77.9137,68.1473,90.4227,72.8,1.7,101.0358,99.2274
Jun-99,97.1142,77.3741,68.2598,98.846,72.7,1.8,101.1742,99.3612
Jul-99,98.6198,78.8849,68.2598,114.7691,72.4,1.7,101.2274,99.4544
Aug-99,99.3727,79.7482,68.7096,18.2601,72.6,1.6,101.1841,99.9483
Sep-99,99.3727,80.8273,68.4847,109.1681,72.8,1.6,101.0652,100.4502
Oct-99,98.4047,80.3957,68.822,90.2675,72.8,1.5,100.9002,100.6564
Nov-99,98.5123,81.259,69.047,87.0899,72.9,1.5,100.7398,100.686
Dec-99,96.0387,80.072,69.4968,82.4324,73.1,1.5,100.6092,100.6964
Jan-00,95.8236,80.7194,71.0711,90.8365,72.6,1.2,100.5093,100.588
Feb-00,96.0387,81.5827,69.6092,61.0754,72.8,1.2,100.4374,100.3309
Mar-00,95.8236,80.9353,70.1715,102.7516,73,1,100.3909,99.9957
Apr-00,97.3293,81.4748,69.9466,88.7509,73.3,0.9,100.348,99.6283
May-00,98.0821,81.4748,69.9466,96.863,73.5,1,100.3118,99.4242
Jun-00,99.1576,81.6907,70.059,93.5414,73.6,1.2,100.2767,99.333
Jul-00,98.8349,81.259,70.284,93.3684,73.3,1.2,100.2492,99.4461
Aug-00,100.233,82.3381,71.0711,23.2892,73.3,1,100.2394,99.5988
Sep-00,100.4481,82.0144,71.0711,89.846,73.8,1.3,100.2532,99.9066
Oct-00,101.9538,82.554,71.5209,91.1697,73.8,1.4,100.2966,100.2315
Nov-00,102.3839,82.6619,71.5209,96.7305,74,1.5,100.3505,100.5009
Dec-00,102.0613,84.6043,71.6334,95.8549,74,1.2,100.389,100.7383
1-Jan,98.2972,83.8489,72.9829,95.6743,73.5,1.2,100.3961,100.4743
1-Feb,96.5765,83.8489,73.77,76.8729,73.7,1.2,100.3787,99.7453
1-Mar,97.2217,83.9568,73.6576,97.4958,73.9,1.3,100.3447,99.1158
1-Apr,99.3727,83.4173,74.1074,93.6537,74.4,1.5,100.3043,98.8645
1-May,99.8028,82.446,75.4569,97.6494,74.9,1.9,100.2618,98.8226
1-Jun,101.416,83.6331,74.8946,100.6858,75,1.9,100.2059,98.9171
1-Jul,101.416,82.8777,75.6818,96.8183,74.5,1.7,100.1314,98.8715
1-Aug,103.9971,85.2518,75.5693,31.9787,74.8,2.1,100.056,98.5117
1-Sep,103.6745,83.741,76.244,106.3882,75,1.7,99.9904,98.1412
1-Oct,103.6745,84.1727,76.6938,106.948,74.9,1.6,99.9448,97.7819
1-Nov,104.5349,83.741,77.3686,108.5762,74.9,1.2,99.9358,97.4326
1-Dec,105.5028,83.4173,78.0433,102.1388,75,1.4,99.959,97.3149
2-Jan,106.7933,83.8489,77.9308,106.0151,74.8,1.8,100.0132,97.6881
2-Feb,107.5462,85.2518,79.0554,99.4669,75,1.7,100.0879,98.1432
2-Mar,109.8046,88.0576,79.5052,98.6529,75.2,1.7,100.1713,98.5153
2-Apr,104.6424,85.8993,80.6298,107.0769,75.6,1.6,100.2363,98.8988
2-May,106.1481,89.2446,80.1799,102.0537,75.8,1.2,100.2476,99.1214
2-Jun,100.3406,83.6331,79.0554,93.8112,75.8,1.1,100.2112,99.4443
2-Jul,102.1688,88.4892,80.5173,104.6494,75.6,1.4,100.153,99.6831
2-Aug,100.9858,88.1655,80.5173,44.735,75.8,1.3,100.0796,99.7003
2-Sep,101.5236,88.3813,80.2924,101.4485,76,1.2,99.9853,99.548
2-Oct,98.2972,87.6259,80.6298,104.1071,76.1,1.5,99.8581,99.4957
2-Nov,98.5123,88.705,81.0796,100.8036,76.1,1.6,99.6948,99.3851
2-Dec,98.9425,88.3813,80.8547,105.9862,76.3,1.7,99.5056,99.0521
3-Jan,99.4802,88.1655,80.1799,98.3993,75.9,1.4,99.3248,98.7456
3-Feb,101.8462,89.0288,80.4048,99.0918,76.1,1.6,99.2034,98.3754
3-Mar,104.1047,89.6763,80.8547,99.1766,76.4,1.6,99.1634,98.0946
3-Apr,104.5349,89.3525,81.5294,99.9639,76.8,1.5,99.1984,98.03
3-May,105.6103,88.813,80.8547,99.2952,76.8,1.3,99.2764,98.1485
3-Jun,107.0084,89.3525,81.9792,103.913,76.7,1.2,99.3773,98.2928
3-Jul,108.6216,89.7842,81.8667,102.8607,76.6,1.3,99.4809,98.308
3-Aug,108.8367,89.7842,81.9792,55.6731,76.8,1.4,99.582,98.336
3-Sep,108.4065,89.5683,82.5415,100.8051,77,1.3,99.683,98.333
3-Oct,110.8801,90.4317,82.7664,102.9786,77.1,1.3,99.7826,98.616
3-Nov,107.4386,89.8921,82.6539,99.4599,77.1,1.3,99.8821,99.2815
3-Dec,103.2443,90.2158,83.1037,107.7591,77.3,1.3,99.9788,99.9292
4-Jan,100.0179,90.6475,85.0155,105.7496,77,1.5,100.0518,100.4124
4-Feb,100.4481,91.5108,84.6781,105.7711,77.2,1.4,100.0898,100.4812
4-Mar,101.3085,92.2662,85.4653,102.4919,77.3,1.2,100.0915,100.5777
4-Apr,102.0613,92.1583,85.6902,97.8706,77.6,1.1,100.0639,100.7043
4-May,103.782,91.4029,86.3649,96.6105,77.9,1.4,100.0231,101.0261
4-Jun,105.6103,90.6475,86.5898,99.9744,77.9,1.5,99.985,101.0804
4-Jul,104.8575,90,86.5898,97.5264,77.7,1.4,99.9636,101.024
4-Aug,105.2877,89.6763,86.7023,63.7455,77.9,1.4,99.9725,101.0591
4-Sep,106.1481,90.4317,87.2646,96.9946,77.9,1.2,100.0117,100.9145
4-Oct,108.4065,90.6475,86.7023,98.2436,78.1,1.3,100.0716,100.809
4-Nov,109.3744,91.4029,87.0396,100.2772,78.3,1.5,100.1293,100.6425
4-Dec,106.7933,91.295,86.5898,97.589,78.6,1.8,100.1679,100.5909
5-Jan,104.1047,92.0504,87.2646,98.7025,78.3,1.7,100.1825,100.6232
5-Feb,101.5236,91.9424,86.9272,91.6775,78.5,1.7,100.1731,100.4225
5-Mar,98.1896,88.813,86.4774,94.2308,78.8,2,100.1465,99.8895
5-Apr,103.3519,92.5899,86.8147,95.5212,79.1,1.9,100.1077,99.2841
5-May,103.5669,91.9424,86.3649,92.6886,79.4,1.9,100.0648,98.8728
5-Jun,104.6424,93.0216,86.8147,93.2446,79.4,2,100.0336,98.7634
5-Jul,103.782,92.3741,86.8147,91.7287,79.5,2.3,100.0197,98.9319
5-Aug,103.8896,93.2374,86.7023,73.0799,79.7,2.4,100.0183,99.0149
5-Sep,104.4273,93.3453,87.0396,92.2234,79.9,2.5,100.0308,99.2577
5-Oct,104.965,93.1295,87.6019,88.4459,80,2.4,100.0636,99.3686
5-Nov,105.6103,93.9928,88.1642,91.7708,80,2.2,100.1272,99.2258
5-Dec,105.8254,95.1799,87.4895,105.5099,80.3,2.1,100.2124,99.1065
6-Jan,106.5782,95.9353,87.6019,87.1518,80,2.2,100.2986,99.1759
6-Feb,104.8575,95.9353,87.6019,92.0455,80.2,2.2,100.3969,99.5297
6-Mar,106.3631,97.554,88.1642,90.4423,80.4,2,100.4946,99.9205
6-Apr,104.5349,97.2302,88.0517,87.2771,80.9,2.2,100.5874,100.2949
6-May,106.0405,98.4173,88.7265,92.5932,81.3,2.4,100.6676,100.4193
6-Jun,107.3311,98.741,89.0638,89.6097,81.5,2.6,100.7387,100.5304
6-Jul,106.2556,98.5252,88.9514,88.3837,81.5,2.5,100.8152,100.6721
6-Aug,107.6537,98.8489,89.1763,78.5133,81.8,2.6,100.9167,100.6283
6-Sep,108.9443,99.2806,88.5016,90.7606,81.9,2.5,101.062,100.6334
6-Oct,108.4065,99.2806,89.6261,88.3615,82,2.5,101.2278,100.6195
6-Nov,109.2669,99.1727,89.7385,89.6057,82.2,2.8,101.3955,100.8437
6-Dec,108.4065,99.2806,90.9755,89.0401,82.6,2.9,101.5572,100.9804
7-Jan,109.6971,99.7122,89.6261,92.9209,82.1,2.7,101.7036,101.1437
7-Feb,108.1914,97.7698,90.8631,90.4834,82.4,2.7,101.8383,101.5161
7-Mar,107.9763,98.4173,91.088,92.1196,82.8,2.9,101.9489,101.6627
7-Apr,107.116,98.4173,91.2005,89.8837,83.1,2.7,102.0232,101.6853
7-May,107.9763,98.9568,91.088,90.7022,83.3,2.5,102.047,101.829
7-Jun,105.933,98.2014,91.088,91.1488,83.5,2.5,102.0068,101.9496
7-Jul,105.2877,97.8777,91.2005,92.7648,83.1,2,101.9085,101.7321
7-Aug,104.75,98.6331,91.9876,86.6954,83.4,2,101.7798,101.6636
7-Sep,103.5669,97.9856,91.8752,92.1269,83.5,2,101.6435,101.6177
7-Oct,104.6424,97.8777,91.3129,93.1058,83.8,2.3,101.4898,101.4489
7-Nov,104.6424,98.9568,91.4254,91.1219,84.1,2.2,101.3022,101.3544
7-Dec,104.1047,99.3885,91.5378,89.2604,84.5,2.3,101.0842,101.2353
8-Jan,104.8575,100.2518,91.6503,92.4276,84.1,2.4,100.8269,101.2381
8-Feb,105.7179,101.7626,93.1122,85.8178,84.6,2.6,100.5219,101.1128
8-Mar,104.1047,98.8489,91.6503,92.3755,84.9,2.6,100.1601,100.8501
8-Apr,104.75,100.4676,91.2005,91.6944,85.6,3,99.7207,100.3245
8-May,104.2122,100.036,94.0118,88.349,86.1,3.3,99.1994,100.0527
8-Jun,103.9971,98.5252,90.7506,85.4373,86.6,3.7,98.6123,99.9904
8-Jul,104.1047,99.3885,90.6382,81.2786,86.6,4.2,98.0023,99.5327
8-Aug,104.965,98.6331,90.6382,75.4721,87.1,4.4,97.423,98.7159
8-Sep,105.3952,97.6619,90.7506,73.0157,87.5,4.8,96.8969,97.7818
8-Oct,106.0405,97.446,90.0759,70.071,87.3,4.2,96.4511,96.881
8-Nov,103.0292,93.4532,90.3008,56.658,87.3,3.8,96.1283,96.1611
8-Dec,102.1688,92.1583,90.5257,67.7312,87.1,3,95.9527,95.6011
9-Jan,101.0934,90.5396,91.3129,64.6626,86.6,2.9,95.9201,94.9059
9-Feb,99.5877,89.6763,89.7385,66.4362,87.2,3.1,96.055,94.3099
9-Mar,99.05,90.2158,90.8631,64.5417,87.3,2.8,96.3623,94.1669
9-Apr,99.9104,91.8345,91.4254,69.462,87.5,2.3,96.833,94.6422
9-May,98.0821,90.1079,90.9755,67.2553,87.9,2.1,97.4241,95.2966
9-Jun,98.7274,90.5396,92.1001,71.8636,88.1,1.7,98.0958,95.9456
9-Jul,99.1576,90.6475,92.325,84.2273,88,1.6,98.8015,96.5309
9-Aug,96.3614,89.6763,92.4375,82.6315,88.3,1.4,99.4814,97.1816
9-Sep,97.4368,90.9712,92.325,81.6162,88.3,1,100.0847,97.7918
9-Oct,97.1142,90.9712,92.325,91.0373,88.4,1.2,100.5656,98.2141
9-Nov,97.1142,91.5108,92.4375,87.5851,88.6,1.5,100.8983,98.2864
9-Dec,96.684,91.0791,92.1001,91.7983,88.9,2.1,101.0981,98.306
10-Jan,96.7915,90.6475,89.4012,84.7311,88.8,2.6,101.1909,98.4979
10-Feb,97.1142,90.9712,91.9876,83.2367,89,2.1,101.2061,98.7099
10-Mar,98.7274,92.3741,91.5378,81.7095,89.4,2.4,101.1633,99.0185
10-Apr,98.9425,92.2662,91.9876,78.4809,89.9,2.7,101.0709,99.4609
10-May,98.8349,91.9424,92.2125,76.2225,90.1,2.5,100.9385,99.9102
10-Jun,97.5444,91.6187,92.2125,79.1434,90.2,2.4,100.7928,100.1711
10-Jul,97.0066,91.4029,92.5499,74.2572,90,2.3,100.6552,100.4314
10-Aug,97.2217,91.7266,92.6624,69.8795,90.4,2.4,100.5532,100.596
10-Sep,97.3293,91.0791,91.5378,74.2313,90.4,2.4,100.4903,100.663
10-Oct,98.1896,91.295,91.9876,71.2075,90.6,2.5,100.4594,100.7168
10-Nov,97.2217,90.7554,91.5378,76.4539,90.9,2.6,100.4522,100.8116
10-Dec,95.6085,89.6763,90.4133,74.7838,91.7,3.1,100.4564,101.0277
11-Jan,93.7803,90.6475,91.4254,75.0007,91.8,3.4,100.4568,101.1754
11-Feb,90.6614,90.5396,90.9755,76.6024,92.3,3.7,100.4433,101.405
11-Mar,90.4463,89.8921,91.2005,75.2137,92.6,3.5,100.3945,101.6385
11-Apr,90.3388,89.7842,92.1001,73.4604,93.3,3.8,100.3028,101.5486
11-May,91.7369,90.9712,90.4133,74.009,93.5,3.8,100.1616,101.4097
11-Jun,92.2746,90.2158,90.0759,74.2241,93.5,3.6,99.9561,101.1911
11-Jul,92.0595,90,90.5257,72.1833,93.5,3.8,99.7049,100.8079
11-Aug,91.7369,90.1079,90.4133,76.061,93.9,3.9,99.4398,100.4587
11-Sep,91.952,89.7842,90.5257,73.5079,94.5,4.5,99.1906,99.8964
11-Oct,92.4897,89.2446,91.3129,73.4597,94.5,4.3,98.9798,99.3594
11-Nov,91.7369,89.3525,90.4133,73.3488,94.7,4.1,98.8249,99.1871
11-Dec,91.6293,90.5396,90.9755,72.1539,95,3.7,98.7325,99.4151
12-Jan,91.1991,91.5108,91.2005,74.9394,94.7,3.2,98.6992,100.0572
12-Feb,91.0916,91.295,90.7506,75.4696,95.2,3.1,98.704,100.5406
12-Mar,90.5539,90.6475,92.2125,76.2251,95.4,3.1,98.7261,100.7053
12-Apr,91.5218,90.6475,90.5257,76.0535,95.9,2.8,98.7586,100.5289
12-May,93.0274,92.8058,91.4254,78.6547,95.9,2.5,98.8098,100.0455
12-Jun,91.6293,90.4317,91.9876,77.0053,95.6,2.3,98.8985,99.9503
12-Jul,94.5331,93.4532,91.6503,78.7656,95.7,2.4,99.0288,100.0319
12-Aug,93.7803,92.5899,91.8752,77.5978,96.1,2.3,99.1812,99.9627
12-Sep,91.4142,93.0216,92.1001,79.571,96.4,2.1,99.3394,100.1119
12-Oct,91.1991,92.2662,91.7627,82.8468,96.8,2.4,99.4883,100.241
12-Nov,91.1991,92.482,91.3129,82.2738,97,2.4,99.6194,100.1018
12-Dec,91.0916,93.777,92.2125,74.3494,97.3,2.4,99.7393,100.0631
13-Jan,88.8331,93.1295,91.6503,83.7644,97,2.4,99.871,99.9777
13-Feb,88.9407,93.2374,93.2246,82.5492,97.5,2.5,100.0187,99.9952
13-Mar,90.9841,94.8561,91.4254,80.4457,97.8,2.5,100.1853,100.1224
13-Apr,92.3822,94.1007,90.8631,86.8169,98,2.2,100.3627,100.0967
13-May,93.9953,94.7482,92.6624,87.1038,98.2,2.4,100.5405,99.982
13-Jun,95.1783,96.0432,93.3371,87.2292,98,2.6,100.7143,100.0383
13-Jul,94.8557,96.4748,93.4495,88.7609,98,2.5,100.8855,100.6385
13-Aug,94.2104,96.259,93.1122,86.1284,98.4,2.4,101.034,101.4746
13-Sep,96.2538,97.1223,94.1243,89.2042,98.7,2.4,101.1505,102.1673
13-Oct,97.1142,97.2302,93.4495,86.9558,98.8,2,101.2326,102.3306
13-Nov,97.6519,97.0144,94.4616,89.0919,98.8,1.9,101.3013,102.4763
13-Dec,98.2972,96.9065,93.6745,90.7529,99.2,1.9,101.3692,102.3356
14-Jan,98.6198,97.9856,94.4616,90.9735,98.7,1.8,101.437,102.0776
14-Feb,98.6198,98.3094,94.799,85.7287,99.1,1.6,101.4975,101.9034
14-Mar,97.5444,98.4173,95.6986,93.8541,99.3,1.5,101.5466,101.886
14-Apr,96.3614,99.3885,96.036,94.0116,99.6,1.7,101.5649,102.1423
14-May,95.0708,98.2014,96.3734,94.7143,99.6,1.5,101.5418,102.3089
14-Jun,94.7482,99.0648,96.5983,92.1999,99.8,1.8,101.4776,102.3972
14-Jul,94.7482,99.2806,96.7107,95.3845,99.6,1.6,101.3845,102.2696
14-Aug,93.7803,98.9568,96.4858,92.5973,99.9,1.5,101.2788,102.132
14-Sep,94.1029,99.7122,96.4858,94.3268,100,1.3,101.1685,101.9137
14-Oct,93.4576,98.8489,97.1605,100.3266,100.1,1.3,101.0656,101.7763
14-Nov,94.318,99.4964,97.8353,96.8783,99.9,1.1,100.975,101.819
14-Dec,96.4689,100.3597,99.1847,97.2066,99.9,0.7,100.9078,101.9189
15-Jan,98.9425,99.7122,97.9477,97.5569,99.2,0.5,100.8698,101.9873
15-Feb,100.6632,100.1439,99.0723,95.9056,99.5,0.4,100.8607,101.9587
15-Mar,101.6311,100.7914,99.747,98.8287,99.6,0.3,100.8635,101.6757
15-Apr,100.8783,100.7914,100.0843,99.4402,99.9,0.3,100.8567,101.4444
15-May,100.233,100.1439,99.9719,98.7789,100.1,0.4,100.8285,101.1992
15-Jun,100.3406,100.7914,100.3092,102.7666,100.1,0.3,100.7779,101.0497
15-Jul,99.8028,99.8201,100.3092,100.2658,100,0.5,100.6952,101.0628
15-Aug,100.3406,100.1439,99.2972,97.005,100.3,0.4,100.5896,100.9841
15-Sep,99.6953,100.036,101.3213,102.2088,100.2,0.2,100.4745,100.7983
15-Oct,99.9104,100.036,99.9719,101.0408,100.3,0.2,100.3623,100.547
15-Nov,98.7274,98.8489,100.7591,101.206,100.3,0.4,100.2561,100.322
15-Dec,98.8349,98.6331,101.2089,104.9967,100.4,0.5,100.1571,100.2214
16-Jan,101.5236,99.0648,102.6708,100.2698,99.9,0.6,100.0587,100.2309
16-Feb,101.9538,98.741,102.4459,102.2552,100.1,0.6,99.9761,100.2567
16-Mar,101.6311,98.0935,102.221,103.3625,100.4,0.8,99.9176,100.492
16-Apr,103.6745,101.3309,102.8957,102.5872,100.6,0.7,99.8777,100.7565
16-May,101.3085,100.4676,104.8074,101.9668,100.8,0.7,99.8595,100.9978
16-Jun,99.5877,99.3885,103.3455,101.3464,101,0.8,99.8683,101.1301
16-Jul,99.3727,98.9568,105.1448,101.7522,100.9,0.9,99.9151,101.0686
16-Aug,98.7274,98.8489,105.0323,93.7508,101.2,1,100.0189,101.0656
16-Sep,98.6198,99.3885,105.4821,104.553,101.5,1.3,100.1627,101.1801
16-Oct,97.4368,97.6619,107.2814,103.879,101.6,1.3,100.3012,101.4457
16-Nov,98.2972,98.3094,106.8316,104.3248,101.8,1.5,100.4215,101.8848
16-Dec,100.4481,101.7626,105.5946,105.0759,102.2,1.8,100.5215,102.1594
17-Jan,99.5877,100.3597,105.1448,101.8164,101.8,1.9,100.5937,102.4211
17-Feb,98.8349,99.6043,105.932,99.3925,102.4,2.3,100.6453,102.5473
17-Mar,98.2972,99.0648,105.2572,111.8969,102.7,2.3,100.6729,102.5213
17-Apr,98.7274,99.2806,107.0565,83.208,103.2,2.6,100.6691,102.5181
17-May,99.2651,99.9281,105.3697,92.991,103.5,2.7,100.6657,102.7204
17-Jun,99.3727,100.3597,106.2693,95.7335,103.5,2.6,100.6507,102.9994
17-Jul,99.9104,100.2518,106.2693,92.4569,103.5,2.6,100.6203,103.1459
17-Aug,100.0179,100.2518,107.5063,81.503,104,2.7,100.5742,103.0044
17-Sep,102.0613,101.5468,107.0565,96.5464,104.3,2.8,100.5193,102.7909
17-Oct,103.2443,102.1942,107.5063,92.4485,104.4,2.8,100.4411,102.7125
17-Nov,103.0292,101.9784,107.7312,92.4194,104.7,2.8,100.3481,102.8385
17-Dec,101.5236,103.4892,107.7312,91.3652,105,2.7,100.2556,102.8833
18-Jan,99.8028,103.4892,106.9441,94.3437,104.5,2.7,100.1672,102.6217
18-Feb,99.3727,103.4892,107.3939,93.5041,104.9,2.5,100.0869,101.9917
18-Mar,99.8028,103.705,106.2693,94.9246,105.1,2.3,100.0144,101.4713
18-Apr,100.9858,103.3813,107.3939,92.0266,105.5,2.2,99.9455,101.4916
18-May,101.9538,104.2446,109.643,94.3564,105.9,2.3,99.8649,101.6947
18-Jun,104.6424,105.7554,109.1931,92.2276,105.9,2.3,99.7404,102.0162
18-Jul,104.6424,105.4317,110.4301,92.3624,105.9,2.3,99.5632,102.2273
18-Aug,105.933,105.4317,111.1049,93.5679,106.5,2.4,99.3378,102.1833
18-Sep,106.3631,105.2158,110.3177,78.9853,106.6,2.2,99.08,101.9687
18-Oct,107.116,104.5683,109.9803,89.1884,106.7,2.2,98.8277,101.8443
18-Nov,107.6537,105.5396,111.2173,89.0895,106.9,2.2,98.5968,102.0178
18-Dec,107.7612,105.7554,111.3298,86.342,107.1,2,98.4066,102.0999
19-Jan,108.5141,107.2662,111.2173,92.7814,106.4,1.8,98.2753,101.7856
19-Feb,108.7292,108.4532,111.4422,93.8142,106.8,1.8,98.2046,101.2384
19-Mar,110.0197,110.2878,112.3419,94.0361,107,1.8,98.1697,100.6761
19-Apr,106.6858,106.6187,112.3419,86.2606,107.6,2,98.1486,100.1223
19-May,107.7612,108.0216,111.5547,87.3135,107.9,1.9,98.1252,99.6106
19-Jun,107.0084,107.8058,113.129,86.3228,107.9,1.9,98.084,99.3035
19-Jul,107.4386,108.2374,114.1411,86.8065,108,2,98.0254,98.9566
19-Aug,106.4707,107.2662,113.6913,87.8151,108.3,1.7,97.954,98.6358
19-Sep,107.116,107.5899,113.129,82.9533,108.4,1.7,97.8992,98.2009
19-Oct,107.6537,108.6691,112.9041,82.152,108.3,1.5,97.8991,98.3251
19-Nov,106.7933,107.3741,112.7917,86.5641,108.5,1.5,97.9846,98.6379
19-Dec,106.3631,107.3741,110.9924,87.0574,108.5,1.4,98.1619,98.7811
20-Jan,106.1481,107.6978,112.7917,87.0125,108.3,1.8,98.4352,98.843
20-Feb,106.4707,108.3453,111.7796,92.4831,108.6,1.7,98.7989,98.3079
20-Mar,100.233,100.2518,107.5063,54.6048,108.6,1.5,96.7188,96.75
20-Jun,93.7803,91.0791,115.0408,55.1463,108.8,0.8,96.3227,95.4535
20-Jul,99.1576,98.2014,118.3019,94.161,109.2,1.1,99.3276,96.8679
20-Aug,100.8783,101.223,119.2016,80.6502,108.8,0.5,99.3737,97.6848
20-Sep,101.7387,102.518,120.4386,82.1715,109.2,0.7,99.1291,98.4723
20-Oct,102.7066,103.9209,122.0129,79.2385,109.2,0.9,98.8938,99.077
20-Nov,103.782,105.9712,117.8521,61.988,109.1,0.6,98.833,98.8238
20-Dec,103.3519,104.4604,118.5268,75.1322,109.4,0.8,99.4202,98.624
21-Jan,101.9538,102.518,108.7433,53.3491,109.3,0.9,99.3232,98.5909
21-Feb,102.8141,103.813,110.9924,62.0784,109.4,0.7,99.8529,99.6069
21-Mar,103.9971,105.2158,115.2657,63.517,109.7,1,100.4847,101.2608
21-Apr,103.3519,105.5396,124.8243,69.5555,110.4,1.6,100.7724,102.5685
21-May,104.4273,106.0791,121.9005,69.1548,111,2.1,101.0451,103.6158
21-Jun,103.0292,105.6475,122.8001,69.064,111.4,2.4,101.2587,104.2353
21-Jul,103.8896,105.9712,119.314,64.8705,111.4,2.1,101.3923,104.5013
21-Aug,104.2122,105.7554,118.9767,62.3596,112.1,3,101.4453,104.4153
21-Sep,103.6745,105.4317,118.077,55.9632,112.4,2.9,101.4279,104.4646
21-Oct,102.9217,105.2158,120.1012,59.3785,113.4,3.8,101.3526,104.7201
21-Nov,103.9971,106.295,119.4265,61.894,114.1,4.6,101.1926,104.9821
21-Dec,104.3198,107.0504,117.8521,60.0819,114.7,4.8,100.912,104.9608
22-Jan,105.2877,108.1295,117.5148,68.4499,114.6,4.9,100.4995,104.7092
22-Feb,104.75,107.3741,117.0649,73.4186,115.4,5.5,99.984,104.3734
22-Mar,105.0726,107.6978,116.3902,55.7958,116.5,6.2,99.4534,104.042
22-Apr,104.965,107.0504,116.2778,57.2042,119,7.8,99.0129,103.7019
22-May,106.3631,108.8849,114.9283,53.7811,119.7,7.9,98.6876,103.5328
22-Jun,105.3952,107.1583,115.2657,51.7931,120.5,8.2,98.4704,102.9107
