,date,location,ratio
101114,2020/3/14,Alabama,0
101008,2020/3/15,Alabama,0
100902,2020/3/16,Alabama,0
100794,2020/3/17,Alabama,0
100686,2020/3/18,Alabama,0
100578,2020/3/19,Alabama,0
100470,2020/3/20,Alabama,0
100362,2020/3/21,Alabama,0
100254,2020/3/22,Alabama,0
100146,2020/3/23,Alabama,0
100038,2020/3/24,Alabama,0
99930,2020/3/25,Alabama,0.006944444
99822,2020/3/26,Alabama,0.013157895
99714,2020/3/27,Alabama,0.00990099
99604,2020/3/28,Alabama,0
99494,2020/3/29,Alabama,0.009090909
99384,2020/3/30,Alabama,0.051282051
99274,2020/3/31,Alabama,0.057692308
99164,2020/4/1,Alabama,0.128440367
99054,2020/4/2,Alabama,0.024691358
98944,2020/4/3,Alabama,0.022641509
98834,2020/4/4,Alabama,0.06185567
98724,2020/4/5,Alabama,0.004807692
98614,2020/4/6,Alabama,0.048484848
98504,2020/4/7,Alabama,0.057291667
98394,2020/4/8,Alabama,0.009966777
98284,2020/4/9,Alabama,0.032352941
98174,2020/4/10,Alabama,0.011764706
98064,2020/4/11,Alabama,0.051181102
97954,2020/4/12,Alabama,0
97844,2020/4/13,Alabama,0.04954955
97734,2020/4/14,Alabama,0.067567568
97624,2020/4/15,Alabama,0.03125
97514,2020/4/16,Alabama,0.085889571
97404,2020/4/17,Alabama,0.083333333
97294,2020/4/18,Alabama,-0.026490066
97184,2020/4/19,Alabama,0.072222222
97074,2020/4/20,Alabama,0.022857143
96964,2020/4/21,Alabama,0.088353414
96854,2020/4/22,Alabama,0.053003534
96744,2020/4/23,Alabama,-0.018018018
96634,2020/4/24,Alabama,0.06185567
96524,2020/4/25,Alabama,0.021390374
96414,2020/4/26,Alabama,0.028846154
96304,2020/4/27,Alabama,0.076271186
96194,2020/4/28,Alabama,0.066350711
96084,2020/4/29,Alabama,0.114285714
95974,2020/4/30,Alabama,0.06993007
95864,2020/5/1,Alabama,0.075221239
95754,2020/5/2,Alabama,-0.003154574
95644,2020/5/3,Alabama,0.007220217
95534,2020/5/4,Alabama,0.035714286
95424,2020/5/5,Alabama,0.052307692
95314,2020/5/6,Alabama,0.11023622
95204,2020/5/7,Alabama,0.073239437
95094,2020/5/8,Alabama,0.041297935
94984,2020/5/9,Alabama,0.024734982
94874,2020/5/10,Alabama,0.013574661
94764,2020/5/11,Alabama,0.036363636
94654,2020/5/12,Alabama,0.106666667
94544,2020/5/13,Alabama,0.063559322
94434,2020/5/14,Alabama,0.057356608
94324,2020/5/15,Alabama,0.036764706
94214,2020/5/16,Alabama,0.006644518
94104,2020/5/17,Alabama,0.030927835
93994,2020/5/18,Alabama,0.003174603
93884,2020/5/19,Alabama,0.051724138
93774,2020/5/20,Alabama,0.026627219
93664,2020/5/21,Alabama,0.019337017
93554,2020/5/22,Alabama,0.046875
93444,2020/5/23,Alabama,0.016701461
93334,2020/5/24,Alabama,0.006079027
93224,2020/5/25,Alabama,0.029527559
93114,2020/5/26,Alabama,0.021084337
93004,2020/5/27,Alabama,0.007853403
92894,2020/5/28,Alabama,0.016064257
92784,2020/5/29,Alabama,0.037924152
92674,2020/5/30,Alabama,0.024390244
92564,2020/5/31,Alabama,0.020236088
92454,2020/6/1,Alabama,0.027491409
92344,2020/6/2,Alabama,0.029535865
92234,2020/6/3,Alabama,0
92124,2020/6/4,Alabama,0
92014,2020/6/5,Alabama,0.073015873
91904,2020/6/6,Alabama,0.019817073
91794,2020/6/7,Alabama,0.006564551
91684,2020/6/8,Alabama,0.061176471
91574,2020/6/9,Alabama,0.022132797
91464,2020/6/10,Alabama,0.026455026
91354,2020/6/11,Alabama,0.012850467
91244,2020/6/12,Alabama,0.016184971
91134,2020/6/13,Alabama,0.004489338
91024,2020/6/14,Alabama,0
90914,2020/6/15,Alabama,0.00152207
90804,2020/6/16,Alabama,0.0171875
90694,2020/6/17,Alabama,0.0125
90584,2020/6/18,Alabama,0.022371365
90474,2020/6/19,Alabama,0.015075377
90364,2020/6/20,Alabama,0.029250457
90254,2020/6/21,Alabama,0.002118644
90144,2020/6/22,Alabama,0.004618938
90034,2020/6/23,Alabama,0.035769829
89924,2020/6/24,Alabama,0.027921406
89814,2020/6/25,Alabama,0.004378284
89704,2020/6/26,Alabama,0.011258956
89594,2020/6/27,Alabama,0.013333333
89484,2020/6/28,Alabama,0
89374,2020/6/29,Alabama,0.005767013
89264,2020/6/30,Alabama,0.024137931
89154,2020/7/1,Alabama,0.023991276
89044,2020/7/2,Alabama,0.011314186
88934,2020/7/3,Alabama,0.011972634
88824,2020/7/4,Alabama,0.001003009
88714,2020/7/5,Alabama,0
88604,2020/7/6,Alabama,0
88494,2020/7/7,Alabama,0.028665932
88384,2020/7/8,Alabama,0.021240442
88274,2020/7/9,Alabama,0.004520796
88164,2020/7/10,Alabama,0.026986507
88054,2020/7/11,Alabama,0.00694927
87944,2020/7/12,Alabama,0.004268293
87834,2020/7/13,Alabama,0.001532176
87724,2020/7/14,Alabama,0.023391813
87614,2020/7/15,Alabama,0.02593819
87504,2020/7/16,Alabama,0.009401286
87394,2020/7/17,Alabama,0.017473789
87284,2020/7/18,Alabama,0.009799347
87174,2020/7/19,Alabama,0.000562746
87064,2020/7/20,Alabama,0.00212766
86954,2020/7/21,Alabama,0.008179959
86844,2020/7/22,Alabama,0.041924399
86734,2020/7/23,Alabama,0.013755732
86624,2020/7/24,Alabama,0.022866704
86514,2020/7/25,Alabama,0.008470588
86404,2020/7/26,Alabama,0.014604811
86294,2020/7/27,Alabama,0.009884679
86184,2020/7/28,Alabama,0
86074,2020/7/29,Alabama,0.03319209
85964,2020/7/30,Alabama,0.013636364
85854,2020/7/31,Alabama,0.007649159
85744,2020/8/1,Alabama,0.014145141
85634,2020/8/2,Alabama,0.011455847
85524,2020/8/3,Alabama,0.004930156
85414,2020/8/4,Alabama,0.031700288
85304,2020/8/5,Alabama,0.030462185
85194,2020/8/6,Alabama,0.009803922
85084,2020/8/7,Alabama,0.012287888
84974,2020/8/8,Alabama,0.010683761
84864,2020/8/9,Alabama,0.011197244
84754,2020/8/10,Alabama,0.017200474
84644,2020/8/11,Alabama,0.060168472
84534,2020/8/12,Alabama,0.037433155
84424,2020/8/13,Alabama,0.010376135
84314,2020/8/14,Alabama,0.003989362
84204,2020/8/15,Alabama,0.002360346
84094,2020/8/16,Alabama,0.002344666
83984,2020/8/17,Alabama,0.047285464
83874,2020/8/18,Alabama,0.008106116
83764,2020/8/19,Alabama,0.007162041
83654,2020/8/20,Alabama,0.030895984
83544,2020/8/21,Alabama,0.018596788
83434,2020/8/22,Alabama,0.016666667
83324,2020/8/23,Alabama,0.003787879
83214,2020/8/24,Alabama,0.006666667
83104,2020/8/25,Alabama,0.02443609
82994,2020/8/26,Alabama,0.003976143
82884,2020/8/27,Alabama,0.017524025
82774,2020/8/28,Alabama,0.026678141
82664,2020/8/29,Alabama,0.026408451
82554,2020/8/30,Alabama,0.007429421
82444,2020/8/31,Alabama,0.024301337
82334,2020/9/1,Alabama,0.011553273
82224,2020/9/2,Alabama,0.027287319
82114,2020/9/3,Alabama,0.015296367
82004,2020/9/4,Alabama,0.029783394
81894,2020/9/5,Alabama,0.006382979
81784,2020/9/6,Alabama,0.001956947
81674,2020/9/7,Alabama,0
81564,2020/9/8,Alabama,0.001579779
81454,2020/9/9,Alabama,0.009864365
81344,2020/9/10,Alabama,0.013937282
81234,2020/9/11,Alabama,0.028119508
81124,2020/9/12,Alabama,0.018027572
81014,2020/9/13,Alabama,0.000901713
80904,2020/9/14,Alabama,0.005681818
80794,2020/9/15,Alabama,0.045649073
80684,2020/9/16,Alabama,0.005393743
80574,2020/9/17,Alabama,0.013432836
80464,2020/9/18,Alabama,0.024412297
80354,2020/9/19,Alabama,0.006917756
80244,2020/9/20,Alabama,0
80134,2020/9/21,Alabama,0.002444988
80024,2020/9/22,Alabama,0.02238806
79914,2020/9/23,Alabama,0.054481547
79804,2020/9/24,Alabama,0.017094017
79694,2020/9/25,Alabama,-0.006117455
79584,2020/9/26,Alabama,0.010718114
79474,2020/9/27,Alabama,0.001369863
79364,2020/9/28,Alabama,-0.001510574
79254,2020/9/29,Alabama,0.028021016
79144,2020/9/30,Alabama,0.02005231
79034,2020/10/1,Alabama,0.007670182
78924,2020/10/2,Alabama,0.002096436
78814,2020/10/3,Alabama,0.004756243
78704,2020/10/4,Alabama,0
78594,2020/10/5,Alabama,0.001838235
78484,2020/10/6,Alabama,0.027486911
78374,2020/10/7,Alabama,0.022316684
78264,2020/10/8,Alabama,0.064631957
78154,2020/10/9,Alabama,0.010738255
78044,2020/10/10,Alabama,0.010367578
77934,2020/10/11,Alabama,0
77824,2020/10/12,Alabama,0.001362398
77714,2020/10/13,Alabama,0
77604,2020/10/14,Alabama,0.052295918
77494,2020/10/15,Alabama,0.042194093
77384,2020/10/16,Alabama,0.024752475
77274,2020/10/17,Alabama,0.001552795
77164,2020/10/18,Alabama,0
77054,2020/10/19,Alabama,0.001164144
76944,2020/10/20,Alabama,0.015340364
76834,2020/10/21,Alabama,0.020069808
76724,2020/10/22,Alabama,0.010791367
76614,2020/10/23,Alabama,0.004153686
76504,2020/10/24,Alabama,0.002966102
76394,2020/10/25,Alabama,0
76284,2020/10/26,Alabama,0
76174,2020/10/27,Alabama,0.023318386
76064,2020/10/28,Alabama,0.014972419
75954,2020/10/29,Alabama,0.002079002
75844,2020/10/30,Alabama,0.013363029
75734,2020/10/31,Alabama,0.019564002
75624,2020/11/1,Alabama,0.003529412
75514,2020/11/2,Alabama,0
75404,2020/11/3,Alabama,0.013500482
75294,2020/11/4,Alabama,0.010281385
75184,2020/11/5,Alabama,0.014482259
75074,2020/11/6,Alabama,0.014781491
74964,2020/11/7,Alabama,0.018665158
74854,2020/11/8,Alabama,0.001659751
74744,2020/11/9,Alabama,0
74634,2020/11/10,Alabama,0.021052632
74524,2020/11/11,Alabama,0.039130435
74414,2020/11/12,Alabama,0.006
74304,2020/11/13,Alabama,0.006040268
74194,2020/11/14,Alabama,0.006738544
74084,2020/11/15,Alabama,0.001010611
73974,2020/11/16,Alabama,0.00070922
73864,2020/11/17,Alabama,0.032178218
73754,2020/11/18,Alabama,0.017437453
73644,2020/11/19,Alabama,0.02970297
73534,2020/11/20,Alabama,0.012992286
73424,2020/11/21,Alabama,0.002569593
73314,2020/11/22,Alabama,0
73204,2020/11/23,Alabama,0.001270648
73094,2020/11/24,Alabama,0.004667864
72984,2020/11/25,Alabama,0.024459845
72874,2020/11/26,Alabama,0.015157257
72764,2020/11/27,Alabama,0
72654,2020/11/28,Alabama,0
72544,2020/11/29,Alabama,0.002236136
72434,2020/11/30,Alabama,0.00043573
72324,2020/12/1,Alabama,0.017772512
72214,2020/12/2,Alabama,0.018584521
72104,2020/12/3,Alabama,0.018408383
71994,2020/12/4,Alabama,0.014322917
71884,2020/12/5,Alabama,0.013569322
71774,2020/12/6,Alabama,0.005244755
71664,2020/12/7,Alabama,0.00127551
71554,2020/12/8,Alabama,0.011271416
71444,2020/12/9,Alabama,0.012208972
71334,2020/12/10,Alabama,0.010348469
71224,2020/12/11,Alabama,0.013495977
71114,2020/12/12,Alabama,0.003935071
71004,2020/12/13,Alabama,0
70894,2020/12/14,Alabama,0
70784,2020/12/15,Alabama,0.006047279
70674,2020/12/16,Alabama,0.018018018
70564,2020/12/17,Alabama,0.011927583
70454,2020/12/18,Alabama,0.007853403
70344,2020/12/19,Alabama,0.022032694
70234,2020/12/20,Alabama,0
70124,2020/12/21,Alabama,0
70014,2020/12/22,Alabama,0.012653143
69904,2020/12/23,Alabama,0.028373266
69794,2020/12/24,Alabama,0.021030246
69684,2020/12/25,Alabama,0.001103448
69574,2020/12/26,Alabama,0.004844961
69464,2020/12/27,Alabama,0.002764977
69354,2020/12/28,Alabama,0.009255178
69244,2020/12/29,Alabama,0.006398771
69134,2020/12/30,Alabama,0.007376396
69024,2020/12/31,Alabama,0.012029051
68914,2021/1/1,Alabama,0.00995355
68804,2021/1/2,Alabama,0
68694,2021/1/3,Alabama,0.000403877
68584,2021/1/4,Alabama,0.002313744
68474,2021/1/5,Alabama,0.001455075
68364,2021/1/6,Alabama,0.023524287
68254,2021/1/7,Alabama,0.017043203
68144,2021/1/8,Alabama,0.021949773
68034,2021/1/9,Alabama,0.022208513
67924,2021/1/10,Alabama,0.012727273
67814,2021/1/11,Alabama,0.006190476
67704,2021/1/12,Alabama,0.058731809
67594,2021/1/13,Alabama,0.059421671
67484,2021/1/14,Alabama,0.051560758
67374,2021/1/15,Alabama,0.028862479
67264,2021/1/16,Alabama,0.028227085
67154,2021/1/17,Alabama,0.000521648
67044,2021/1/18,Alabama,0.000699301
66934,2021/1/19,Alabama,0.001988072
66824,2021/1/20,Alabama,0.050449871
66714,2021/1/21,Alabama,0.033321763
66604,2021/1/22,Alabama,0.030132357
66494,2021/1/23,Alabama,0.050968703
66384,2021/1/24,Alabama,0.001736111
66274,2021/1/25,Alabama,0.001087548
66164,2021/1/26,Alabama,0.080689655
66054,2021/1/27,Alabama,0.08687441
65944,2021/1/28,Alabama,0.046052632
65834,2021/1/29,Alabama,0.079353933
65724,2021/1/30,Alabama,0
65614,2021/1/31,Alabama,0.030071481
65504,2021/2/1,Alabama,0
65394,2021/2/2,Alabama,0.099133782
65284,2021/2/3,Alabama,0.145892351
65174,2021/2/4,Alabama,0.058547163
65064,2021/2/5,Alabama,0.056149733
64954,2021/2/6,Alabama,0.032128514
64844,2021/2/7,Alabama,0.001798561
64734,2021/2/8,Alabama,0.008648649
64624,2021/2/9,Alabama,0.042488619
64514,2021/2/10,Alabama,0.220556745
64404,2021/2/11,Alabama,0.088489687
64294,2021/2/12,Alabama,0.144940747
64184,2021/2/13,Alabama,0.052144659
64074,2021/2/14,Alabama,0
63964,2021/2/15,Alabama,0.002967359
63854,2021/2/16,Alabama,0.014722537
63744,2021/2/17,Alabama,0.13107511
63634,2021/2/18,Alabama,0.065108514
63524,2021/2/19,Alabama,0.175914994
63414,2021/2/20,Alabama,0.021963824
63304,2021/2/21,Alabama,0.002333722
63194,2021/2/22,Alabama,0
63084,2021/2/23,Alabama,0.046799725
62974,2021/2/24,Alabama,0.067361668
62864,2021/2/25,Alabama,0.097752809
62754,2021/2/26,Alabama,0.051420839
62644,2021/2/27,Alabama,0.073141487
62534,2021/2/28,Alabama,-0.001757469
62424,2021/3/1,Alabama,0.003868472
62314,2021/3/2,Alabama,0.09202454
62204,2021/3/3,Alabama,0.013904135
62094,2021/3/4,Alabama,0.070498915
61984,2021/3/5,Alabama,0.034525277
61874,2021/3/6,Alabama,0.051526718
61764,2021/3/7,Alabama,-0.00245098
61654,2021/3/8,Alabama,0
61544,2021/3/9,Alabama,0.072519084
61434,2021/3/10,Alabama,0.046035806
61324,2021/3/11,Alabama,0.060115607
61214,2021/3/12,Alabama,0.055803571
61104,2021/3/13,Alabama,0.047138047
60994,2021/3/14,Alabama,0
60884,2021/3/15,Alabama,0.000438982
60774,2021/3/16,Alabama,0.016393443
60664,2021/3/17,Alabama,0.034255599
60554,2021/3/18,Alabama,0.048951049
60444,2021/3/19,Alabama,0.064030132
60334,2021/3/20,Alabama,0.021653543
60224,2021/3/21,Alabama,0
60114,2021/3/22,Alabama,0
60004,2021/3/23,Alabama,1.4
59894,2021/3/24,Alabama,0.040130152
59784,2021/3/25,Alabama,0.039812646
59674,2021/3/26,Alabama,0.042986425
59564,2021/3/27,Alabama,0.006097561
59454,2021/3/28,Alabama,0
59344,2021/3/29,Alabama,0
59234,2021/3/30,Alabama,0.002770083
59124,2021/3/31,Alabama,0.066176471
59014,2021/4/1,Alabama,-0.00209205
58904,2021/4/2,Alabama,0.135
58794,2021/4/3,Alabama,0.085959885
58684,2021/4/4,Alabama,0
58574,2021/4/5,Alabama,0.009174312
58464,2021/4/6,Alabama,0.071428571
58354,2021/4/7,Alabama,0
58244,2021/4/8,Alabama,0.049568966
58134,2021/4/9,Alabama,0.034591195
58024,2021/4/10,Alabama,0.073446328
57914,2021/4/11,Alabama,0
57804,2021/4/12,Alabama,0
57694,2021/4/13,Alabama,0.00698324
57584,2021/4/14,Alabama,0.02166065
57474,2021/4/15,Alabama,0.019002375
57364,2021/4/16,Alabama,0.007109005
57254,2021/4/17,Alabama,0.100393701
57144,2021/4/18,Alabama,0
57034,2021/4/19,Alabama,0
56924,2021/4/20,Alabama,0.005544006
56814,2021/4/21,Alabama,0.02184466
56704,2021/4/22,Alabama,0.024926686
56594,2021/4/23,Alabama,0.037383178
56484,2021/4/24,Alabama,0.026128266
56374,2021/4/25,Alabama,0
56264,2021/4/26,Alabama,0.004608295
56154,2021/4/27,Alabama,0.005571031
56044,2021/4/28,Alabama,0.066489362
55934,2021/4/29,Alabama,0.018604651
55824,2021/4/30,Alabama,0.02200489
55714,2021/5/1,Alabama,0.043927649
55604,2021/5/2,Alabama,0
55494,2021/5/3,Alabama,0
55384,2021/5/4,Alabama,0
55274,2021/5/5,Alabama,0.025679758
55164,2021/5/6,Alabama,0.028318584
55054,2021/5/7,Alabama,0.063694268
54944,2021/5/8,Alabama,0.028639618
54834,2021/5/9,Alabama,0
54724,2021/5/10,Alabama,0
54614,2021/5/11,Alabama,0.022580645
54504,2021/5/12,Alabama,0.034582133
54394,2021/5/13,Alabama,0.003496503
54284,2021/5/14,Alabama,0.004676698
54174,2021/5/15,Alabama,0.006944444
54064,2021/5/16,Alabama,0
53954,2021/5/17,Alabama,0
53844,2021/5/18,Alabama,0.014880952
53734,2021/5/19,Alabama,0.006944444
53624,2021/5/20,Alabama,0.09439528
53514,2021/5/21,Alabama,0.006772009
53404,2021/5/22,Alabama,0.125490196
53294,2021/5/23,Alabama,0
53184,2021/5/24,Alabama,0
53074,2021/5/25,Alabama,0.039215686
52964,2021/5/26,Alabama,0.05204461
52854,2021/5/27,Alabama,0.005780347
52744,2021/5/28,Alabama,0.026315789
52634,2021/5/29,Alabama,0
52524,2021/5/30,Alabama,0
52414,2021/5/31,Alabama,0
52304,2021/6/1,Alabama,0.015625
52194,2021/6/2,Alabama,0.019891501
52084,2021/6/3,Alabama,0.048837209
51974,2021/6/4,Alabama,0.017953321
51864,2021/6/5,Alabama,0
51754,2021/6/6,Alabama,0
51644,2021/6/7,Alabama,0.025710419
51534,2021/6/8,Alabama,0.013888889
51424,2021/6/9,Alabama,0.095081967
51314,2021/6/10,Alabama,0.010344828
51204,2021/6/11,Alabama,0.074468085
51094,2021/6/12,Alabama,0
50984,2021/6/13,Alabama,0
50874,2021/6/14,Alabama,0.014545455
50764,2021/6/15,Alabama,0.024137931
50654,2021/6/16,Alabama,0.04375
50544,2021/6/17,Alabama,0
50434,2021/6/18,Alabama,0.053892216
50324,2021/6/19,Alabama,0
50214,2021/6/20,Alabama,0
50104,2021/6/21,Alabama,0.014044944
49994,2021/6/22,Alabama,0
49884,2021/6/23,Alabama,0.044619423
49774,2021/6/24,Alabama,0
49664,2021/6/25,Alabama,0.014814815
49554,2021/6/26,Alabama,0
49444,2021/6/27,Alabama,0
49334,2021/6/28,Alabama,0.003868472
49224,2021/6/29,Alabama,0
49114,2021/6/30,Alabama,0.026315789
49004,2021/7/1,Alabama,0
48894,2021/7/2,Alabama,0.019047619
48784,2021/7/3,Alabama,0
48674,2021/7/4,Alabama,0
48564,2021/7/5,Alabama,0
48454,2021/7/6,Alabama,0
48344,2021/7/7,Alabama,0.017978921
48234,2021/7/8,Alabama,0
48124,2021/7/9,Alabama,0.009482759
48014,2021/7/10,Alabama,0.007490637
47904,2021/7/11,Alabama,0
47794,2021/7/12,Alabama,0
47684,2021/7/13,Alabama,0
47574,2021/7/14,Alabama,0.018597997
47464,2021/7/15,Alabama,0.011398964
47354,2021/7/16,Alabama,0.003003003
47244,2021/7/17,Alabama,0.001109878
47134,2021/7/18,Alabama,0
47024,2021/7/19,Alabama,0
46914,2021/7/20,Alabama,0.012221423
46804,2021/7/21,Alabama,0.00122549
46694,2021/7/22,Alabama,0.003828973
46584,2021/7/23,Alabama,0.002308136
46474,2021/7/24,Alabama,0.005826271
46364,2021/7/25,Alabama,0
46254,2021/7/26,Alabama,0
46144,2021/7/27,Alabama,0.003374578
46034,2021/7/28,Alabama,0.006603081
45924,2021/7/29,Alabama,0.002197802
45814,2021/7/30,Alabama,0
45704,2021/7/31,Alabama,0.003694126
45594,2021/8/1,Alabama,0
45484,2021/8/2,Alabama,0
45374,2021/8/3,Alabama,0.001814333
45264,2021/8/4,Alabama,0.005589879
45154,2021/8/5,Alabama,0.003405816
45044,2021/8/6,Alabama,0.007055631
44934,2021/8/7,Alabama,0.00616808
44824,2021/8/8,Alabama,0
44714,2021/8/9,Alabama,0.000205044
44604,2021/8/10,Alabama,0.006028834
44494,2021/8/11,Alabama,0.010646585
44384,2021/8/12,Alabama,0.008399328
44274,2021/8/13,Alabama,0.010286001
44164,2021/8/14,Alabama,0
44054,2021/8/15,Alabama,0.00471968
43944,2021/8/16,Alabama,0.000405515
43834,2021/8/17,Alabama,0.008202834
43724,2021/8/18,Alabama,0.008958567
43614,2021/8/19,Alabama,0.010796915
43504,2021/8/20,Alabama,0.007370361
43394,2021/8/21,Alabama,0.009339775
43284,2021/8/22,Alabama,0
43174,2021/8/23,Alabama,0
43064,2021/8/24,Alabama,0
42954,2021/8/25,Alabama,0
42844,2021/8/26,Alabama,0.009244301
42734,2021/8/27,Alabama,0.009934433
42624,2021/8/28,Alabama,0.010662359
42514,2021/8/29,Alabama,0.000873871
42404,2021/8/30,Alabama,0
42294,2021/8/31,Alabama,0.011717249
42184,2021/9/1,Alabama,0.001705393
42074,2021/9/2,Alabama,0.007341867
41964,2021/9/3,Alabama,0.012480499
41854,2021/9/4,Alabama,0.004524887
41744,2021/9/5,Alabama,0.000351865
41634,2021/9/6,Alabama,0.000389712
41524,2021/9/7,Alabama,0.001497006
41414,2021/9/8,Alabama,0.014193279
41304,2021/9/9,Alabama,0.01465537
41194,2021/9/10,Alabama,0.011041667
41084,2021/9/11,Alabama,0.015131286
40974,2021/9/12,Alabama,0.001672241
40864,2021/9/13,Alabama,0.000742942
40754,2021/9/14,Alabama,0.010141988
40644,2021/9/15,Alabama,0.018077239
40534,2021/9/16,Alabama,0.018126888
40424,2021/9/17,Alabama,0.064559516
40314,2021/9/18,Alabama,0.04650491
40204,2021/9/19,Alabama,0.000478469
40094,2021/9/20,Alabama,0
39984,2021/9/21,Alabama,0.077639752
39872,2021/9/22,Alabama,0.067925779
39760,2021/9/23,Alabama,0.039512775
39648,2021/9/24,Alabama,0.047878552
39536,2021/9/25,Alabama,0.034388832
39424,2021/9/26,Alabama,0
39312,2021/9/27,Alabama,0.001882058
39200,2021/9/28,Alabama,0.065524194
39088,2021/9/29,Alabama,0.021018216
38976,2021/9/30,Alabama,0.058166863
38864,2021/10/1,Alabama,0.050948509
38752,2021/10/2,Alabama,0.051351351
38640,2021/10/3,Alabama,0.001121076
38528,2021/10/4,Alabama,0.001358696
38416,2021/10/5,Alabama,0.045836023
38304,2021/10/6,Alabama,0.055031447
38192,2021/10/7,Alabama,0.049920761
38080,2021/10/8,Alabama,0.077216397
37968,2021/10/9,Alabama,0.109902067
37856,2021/10/10,Alabama,0.001531394
37744,2021/10/11,Alabama,0.002141328
37632,2021/10/12,Alabama,0.011286682
37520,2021/10/13,Alabama,0.109251969
37408,2021/10/14,Alabama,0.115238095
37296,2021/10/15,Alabama,0.035870516
37184,2021/10/16,Alabama,0.047013977
37072,2021/10/17,Alabama,0
36960,2021/10/18,Alabama,0
36848,2021/10/19,Alabama,0.087408949
36736,2021/10/20,Alabama,0.072180451
36624,2021/10/21,Alabama,0.008450704
36512,2021/10/22,Alabama,0.036295369
36400,2021/10/23,Alabama,0.02962963
36288,2021/10/24,Alabama,0.002415459
36176,2021/10/25,Alabama,0
36064,2021/10/26,Alabama,0.018027572
35952,2021/10/27,Alabama,0.001082105
35840,2021/10/28,Alabama,0.024287716
35728,2021/10/29,Alabama,0.127659574
35616,2021/10/30,Alabama,0.084016393
35504,2021/10/31,Alabama,0
35392,2021/11/1,Alabama,0
35280,2021/11/2,Alabama,0.075167785
35168,2021/11/3,Alabama,0.097107438
35056,2021/11/4,Alabama,0.053259871
34944,2021/11/5,Alabama,0.090434783
34832,2021/11/6,Alabama,0.082332762
34720,2021/11/7,Alabama,0
34608,2021/11/8,Alabama,0
34496,2021/11/9,Alabama,0.045226131
34384,2021/11/10,Alabama,0.213483146
34272,2021/11/11,Alabama,0.024781341
34160,2021/11/12,Alabama,0
34048,2021/11/13,Alabama,0.078333333
33936,2021/11/14,Alabama,0
33824,2021/11/15,Alabama,0
33712,2021/11/16,Alabama,0.033210332
33600,2021/11/17,Alabama,0.052419355
33488,2021/11/18,Alabama,0.036585366
33376,2021/11/19,Alabama,0.042283298
33264,2021/11/20,Alabama,0.014705882
33152,2021/11/21,Alabama,0
33040,2021/11/22,Alabama,0
32928,2021/11/23,Alabama,0.021001616
32816,2021/11/24,Alabama,0.038461538
32704,2021/11/25,Alabama,0.032663317
32592,2021/11/26,Alabama,0
32480,2021/11/27,Alabama,0
32368,2021/11/28,Alabama,0
32256,2021/11/29,Alabama,0.005681818
32144,2021/11/30,Alabama,0.006289308
32032,2021/12/1,Alabama,0.044776119
31920,2021/12/2,Alabama,0.018252934
31808,2021/12/3,Alabama,0.025210084
31696,2021/12/4,Alabama,0.027196653
31584,2021/12/5,Alabama,0
31472,2021/12/6,Alabama,0
31360,2021/12/7,Alabama,0.022222222
31248,2021/12/8,Alabama,0.005822416
31136,2021/12/9,Alabama,0
31024,2021/12/10,Alabama,0.067567568
30912,2021/12/11,Alabama,0.03085554
30800,2021/12/12,Alabama,0
30688,2021/12/13,Alabama,0
30576,2021/12/14,Alabama,0.012084592
30464,2021/12/15,Alabama,0.029366306
30352,2021/12/16,Alabama,0.019607843
30240,2021/12/17,Alabama,0.025330396
30128,2021/12/18,Alabama,0.014450867
30016,2021/12/19,Alabama,0
29904,2021/12/20,Alabama,0
29792,2021/12/21,Alabama,0.011961722
29680,2021/12/22,Alabama,0.008219178
29568,2021/12/23,Alabama,0.010679612
29456,2021/12/24,Alabama,0.00648824
29344,2021/12/25,Alabama,0
29232,2021/12/26,Alabama,0
29120,2021/12/27,Alabama,0
29008,2021/12/28,Alabama,0.0048583
28896,2021/12/29,Alabama,0.003012552
28784,2021/12/30,Alabama,0.000121124
28672,2021/12/31,Alabama,0
28560,2022/1/1,Alabama,0
28448,2022/1/2,Alabama,0
28336,2022/1/3,Alabama,0
28224,2022/1/4,Alabama,0.005414686
28112,2022/1/5,Alabama,0.000632054
28000,2022/1/6,Alabama,0.003168066
27888,2022/1/7,Alabama,0.003237743
27776,2022/1/8,Alabama,0.004680749
27664,2022/1/9,Alabama,0
27552,2022/1/10,Alabama,0
27440,2022/1/11,Alabama,0.000702905
27328,2022/1/12,Alabama,0.000981792
27216,2022/1/13,Alabama,0
27104,2022/1/14,Alabama,0
26992,2022/1/15,Alabama,0
26880,2022/1/16,Alabama,0.001793428
26768,2022/1/17,Alabama,0
26656,2022/1/18,Alabama,0
26544,2022/1/19,Alabama,0.001286098
26432,2022/1/20,Alabama,0.00225197
26320,2022/1/21,Alabama,0.00193646
26208,2022/1/22,Alabama,0.000121168
26096,2022/1/23,Alabama,0
25984,2022/1/24,Alabama,0
25872,2022/1/25,Alabama,0
25760,2022/1/26,Alabama,0
25648,2022/1/27,Alabama,0
25536,2022/1/28,Alabama,0
25424,2022/1/29,Alabama,0.004890987
25312,2022/1/30,Alabama,0
25200,2022/1/31,Alabama,0
25088,2022/2/1,Alabama,0.010640184
24976,2022/2/2,Alabama,0.01276832
24864,2022/2/3,Alabama,0
24752,2022/2/4,Alabama,0.013933548
24640,2022/2/5,Alabama,0
24528,2022/2/6,Alabama,0
24416,2022/2/7,Alabama,0.00462963
24304,2022/2/8,Alabama,0.004437542
24192,2022/2/9,Alabama,0.012332146
24080,2022/2/10,Alabama,0.018429783
23968,2022/2/11,Alabama,0.001058201
23856,2022/2/12,Alabama,0.02707137
23744,2022/2/13,Alabama,0
23632,2022/2/14,Alabama,0
23520,2022/2/15,Alabama,0.039794007
23408,2022/2/16,Alabama,0.047088608
23296,2022/2/17,Alabama,0.018026565
23184,2022/2/18,Alabama,0.0625
23072,2022/2/19,Alabama,0.048568951
22960,2022/2/20,Alabama,0
22848,2022/2/21,Alabama,0
22736,2022/2/22,Alabama,0.007824726
22624,2022/2/23,Alabama,0.056006494
22512,2022/2/24,Alabama,0.07755102
22400,2022/2/25,Alabama,0.066825776
22288,2022/2/26,Alabama,0.033361848
22176,2022/2/27,Alabama,0
22064,2022/2/28,Alabama,0
21952,2022/3/1,Alabama,0.078880407
21840,2022/3/2,Alabama,0.038125496
21728,2022/3/3,Alabama,0.094488189
21616,2022/3/4,Alabama,0.127399651
21504,2022/3/5,Alabama,0
21392,2022/3/6,Alabama,0
21280,2022/3/7,Alabama,0.023989218
21168,2022/3/8,Alabama,0.125198098
21056,2022/3/9,Alabama,0.085820896
20944,2022/3/10,Alabama,0.113924051
20832,2022/3/11,Alabama,0.121100917
20720,2022/3/12,Alabama,0
20608,2022/3/13,Alabama,0
20496,2022/3/14,Alabama,0.113502935
20384,2022/3/15,Alabama,0.244239631
20272,2022/3/16,Alabama,0.002283105
20160,2022/3/17,Alabama,0.102466793
20048,2022/3/18,Alabama,0.08097166
19936,2022/3/19,Alabama,0
19824,2022/3/20,Alabama,0
19712,2022/3/21,Alabama,0.146666667
19600,2022/3/22,Alabama,0.23
19488,2022/3/23,Alabama,0.162162162
19376,2022/3/24,Alabama,0.010050251
19264,2022/3/25,Alabama,0.225609756
19152,2022/3/26,Alabama,0
19040,2022/3/27,Alabama,0
18928,2022/3/28,Alabama,0.011857708
18816,2022/3/29,Alabama,0.161971831
18704,2022/3/30,Alabama,0.015810277
18592,2022/3/31,Alabama,0.023255814
18480,2022/4/1,Alabama,0.163120567
18368,2022/4/2,Alabama,0
18256,2022/4/3,Alabama,0
18144,2022/4/4,Alabama,0.053117783
18032,2022/4/5,Alabama,0.110169492
17920,2022/4/6,Alabama,0.054545455
17808,2022/4/7,Alabama,0
17696,2022/4/8,Alabama,0.011627907
17584,2022/4/9,Alabama,0
17472,2022/4/10,Alabama,0
17360,2022/4/11,Alabama,0.008310249
17248,2022/4/12,Alabama,0.177570093
17136,2022/4/13,Alabama,0.153846154
17024,2022/4/14,Alabama,0.180851064
16912,2022/4/15,Alabama,0.122727273
16800,2022/4/16,Alabama,0
16688,2022/4/17,Alabama,0
16576,2022/4/18,Alabama,0
16464,2022/4/19,Alabama,0.018211921
16352,2022/4/20,Alabama,0.071895425
16240,2022/4/21,Alabama,0.019685039
16128,2022/4/22,Alabama,0.046692607
16016,2022/4/23,Alabama,0
15904,2022/4/24,Alabama,0
15792,2022/4/25,Alabama,0.005891016
15680,2022/4/26,Alabama,0
15568,2022/4/27,Alabama,0.069306931
15456,2022/4/28,Alabama,0.008583691
15344,2022/4/29,Alabama,0.027027027
15232,2022/4/30,Alabama,0
15120,2022/5/1,Alabama,0
15008,2022/5/2,Alabama,0.006849315
14896,2022/5/3,Alabama,0.051369863
14784,2022/5/4,Alabama,0.014619883
14672,2022/5/5,Alabama,0.008571429
14560,2022/5/6,Alabama,0.033057851
14448,2022/5/7,Alabama,0
14336,2022/5/8,Alabama,0
14224,2022/5/9,Alabama,0
14112,2022/5/10,Alabama,0.010080645
14000,2022/5/11,Alabama,0
13888,2022/5/12,Alabama,0.037280702
13776,2022/5/13,Alabama,0.011933174
13664,2022/5/14,Alabama,0
13552,2022/5/15,Alabama,0
13440,2022/5/16,Alabama,0.003141361
13328,2022/5/17,Alabama,0.00443459
13216,2022/5/18,Alabama,0
13104,2022/5/19,Alabama,0.012718601
12992,2022/5/20,Alabama,0.006756757
12880,2022/5/21,Alabama,0
12768,2022/5/22,Alabama,0
12656,2022/5/23,Alabama,0.003072197
12544,2022/5/24,Alabama,0.001792115
12432,2022/5/25,Alabama,0.001298701
12320,2022/5/26,Alabama,0
12208,2022/5/27,Alabama,0.006628788
12096,2022/5/28,Alabama,0
11984,2022/5/29,Alabama,0
11872,2022/5/30,Alabama,0
11760,2022/5/31,Alabama,0.002375297
11648,2022/6/1,Alabama,0
11536,2022/6/2,Alabama,0
11424,2022/6/3,Alabama,0
11312,2022/6/4,Alabama,0
11200,2022/6/5,Alabama,0
11088,2022/6/6,Alabama,0.003261756
10976,2022/6/7,Alabama,0
10864,2022/6/8,Alabama,0
10752,2022/6/9,Alabama,0.006552007
10640,2022/6/10,Alabama,0.006762468
10528,2022/6/11,Alabama,0
10416,2022/6/12,Alabama,0
10304,2022/6/13,Alabama,0.001013514
10192,2022/6/14,Alabama,0
10080,2022/6/15,Alabama,0.000615385
9968,2022/6/16,Alabama,0
9856,2022/6/17,Alabama,0
9744,2022/6/18,Alabama,0
9632,2022/6/19,Alabama,0
9520,2022/6/20,Alabama,0.000312891
9408,2022/6/21,Alabama,0
9296,2022/6/22,Alabama,0.012254902
9184,2022/6/23,Alabama,0.000480077
9072,2022/6/24,Alabama,0.002948403
8960,2022/6/25,Alabama,0
8848,2022/6/26,Alabama,0
8736,2022/6/27,Alabama,0.001119319
8624,2022/6/28,Alabama,0.002293578
8512,2022/6/29,Alabama,0.000412371
8400,2022/6/30,Alabama,0.007788162
8288,2022/7/1,Alabama,0.002240896
8176,2022/7/2,Alabama,0
8064,2022/7/3,Alabama,0
7952,2022/7/4,Alabama,0.002097693
7840,2022/7/5,Alabama,0
7728,2022/7/6,Alabama,0
7616,2022/7/7,Alabama,0.004655493
7504,2022/7/8,Alabama,0.001728907
7392,2022/7/9,Alabama,0
7280,2022/7/10,Alabama,0
7168,2022/7/11,Alabama,0.001967213
7056,2022/7/12,Alabama,0.002320784
6944,2022/7/13,Alabama,0.002964061
6832,2022/7/14,Alabama,0.003110957
6720,2022/7/15,Alabama,0.000384025
6608,2022/7/16,Alabama,0
6496,2022/7/17,Alabama,0
6384,2022/7/18,Alabama,0.001008065
6272,2022/7/19,Alabama,0.002961866
6160,2022/7/20,Alabama,0.005503956
6048,2022/7/21,Alabama,0.002399726
5936,2022/7/22,Alabama,0.004499827
5824,2022/7/23,Alabama,0
5712,2022/7/24,Alabama,0
5600,2022/7/25,Alabama,0.002793784
5488,2022/7/26,Alabama,0.000346741
5376,2022/7/27,Alabama,0.000361664
5264,2022/7/28,Alabama,0
5152,2022/7/29,Alabama,0.000377216
5040,2022/7/30,Alabama,0
4928,2022/7/31,Alabama,0
4816,2022/8/1,Alabama,0
4704,2022/8/2,Alabama,0
4592,2022/8/3,Alabama,0
4480,2022/8/4,Alabama,0.006889682
4368,2022/8/5,Alabama,0
4256,2022/8/6,Alabama,0
4144,2022/8/7,Alabama,0
4032,2022/8/8,Alabama,0
3920,2022/8/9,Alabama,0
3808,2022/8/10,Alabama,0
3696,2022/8/11,Alabama,0.003893964
3584,2022/8/12,Alabama,0
3472,2022/8/13,Alabama,0
3360,2022/8/14,Alabama,0
3248,2022/8/15,Alabama,0
3136,2022/8/16,Alabama,0
3024,2022/8/17,Alabama,0
2912,2022/8/18,Alabama,0.001062248
2800,2022/8/19,Alabama,0
2688,2022/8/20,Alabama,0
2576,2022/8/21,Alabama,0
2464,2022/8/22,Alabama,0.000802568
2352,2022/8/23,Alabama,0.000284738
2240,2022/8/24,Alabama,0
2128,2022/8/25,Alabama,0.000331126
2016,2022/8/26,Alabama,0
1904,2022/8/27,Alabama,0
1792,2022/8/28,Alabama,0
1680,2022/8/29,Alabama,0
1568,2022/8/30,Alabama,0
1456,2022/8/31,Alabama,0.005323505
1344,2022/9/1,Alabama,0.018913481
1232,2022/9/2,Alabama,0.021052632
1120,2022/9/3,Alabama,0
1008,2022/9/4,Alabama,0
896,2022/9/5,Alabama,0
784,2022/9/6,Alabama,0.000233481
672,2022/9/7,Alabama,0.016057586
560,2022/9/8,Alabama,0.00389755
448,2022/9/9,Alabama,0.017747858
336,2022/9/10,Alabama,0
224,2022/9/11,Alabama,0
112,2022/9/12,Alabama,0.008019246
0,2022/9/13,Alabama,0.018447837
